,City,Lat,Lng,Max Temp,Humidity,Cloudiness,Wind Speed,Country,Date
0,Matam,15.6175,-13.3303,71.6,28,0,2.3,SN,2021-01-17 23:10:06
1,Matara,5.9485,80.5353,74.52,91,77,5.12,LK,2021-01-17 23:10:06
2,Mataura,-46.1927,168.8643,62.01,54,47,7.0,NZ,2021-01-17 23:10:06
3,Hisua,24.8333,85.4167,48.2,100,90,1.57,IN,2021-01-17 23:06:12
4,Rikitea,-23.1203,-134.9692,78.96,74,15,14.05,PF,2021-01-17 23:10:06
5,Bengkulu,-3.8004,102.2655,75.99,80,99,4.27,ID,2021-01-17 23:10:06
6,Arraial Do Cabo,-22.9661,-42.0278,77.0,78,0,17.27,BR,2021-01-17 23:10:06
7,Lukulu,-14.3707,23.242,68.59,79,100,4.29,ZM,2021-01-17 23:10:07
8,Busselton,-33.65,115.3333,70.0,58,19,4.0,AU,2021-01-17 23:07:08
9,Punta Arenas,-53.15,-70.9167,59.0,58,0,43.73,CL,2021-01-17 23:10:07
10,Ribeira Grande,38.5167,-28.7,62.76,80,61,25.61,PT,2021-01-17 23:10:07
11,Hermanus,-34.4187,19.2345,66.0,81,6,4.0,ZA,2021-01-17 23:10:07
12,Avera,33.194,-82.5271,48.2,49,1,3.44,US,2021-01-17 23:10:07
13,Porbandar,21.6422,69.6093,63.23,60,0,5.75,IN,2021-01-17 23:10:07
14,Kaeo,-35.1,173.7833,75.0,58,7,10.0,NZ,2021-01-17 23:10:07
15,Bria,6.5423,21.9863,69.21,30,36,3.0,CF,2021-01-17 23:10:08
16,Ushuaia,-54.8,-68.3,51.8,82,75,4.61,AR,2021-01-17 23:09:02
17,Guerrero Negro,27.9769,-114.0611,76.66,23,0,9.17,MX,2021-01-17 23:10:08
18,Butaritari,3.0707,172.7902,80.58,76,61,19.57,KI,2021-01-17 23:10:08
19,Dwarka,22.2394,68.9678,67.73,64,0,12.37,IN,2021-01-17 23:10:08
20,Poum,-20.2333,164.0167,83.14,78,62,9.73,NC,2021-01-17 23:10:08
21,Mount Gambier,-37.8333,140.7667,57.2,94,75,14.97,AU,2021-01-17 23:10:08
22,Albany,42.6001,-73.9662,37.99,79,100,1.01,US,2021-01-17 23:06:07
23,Saldanha,-33.0117,17.9442,66.2,72,0,5.75,ZA,2021-01-17 23:10:09
24,Stepnogorsk,52.3544,71.8869,9.34,94,11,11.39,KZ,2021-01-17 23:10:09
25,Hilo,19.7297,-155.09,82.4,57,90,5.75,US,2021-01-17 23:10:09
26,Khatanga,71.9667,102.5,-25.64,81,0,13.89,RU,2021-01-17 23:10:09
27,Margate,51.3813,1.3862,39.99,79,96,1.99,GB,2021-01-17 23:05:36
28,San Ramon De La Nueva Oran,-23.1322,-64.326,75.0,70,56,2.26,AR,2021-01-17 23:10:09
29,Gamba,-2.65,10.0,77.83,84,92,6.04,GA,2021-01-17 23:10:10
30,Moose Factory,51.2585,-80.6094,8.6,85,20,8.05,CA,2021-01-17 23:10:10
31,Cidreira,-30.1811,-50.2056,74.16,91,100,13.91,BR,2021-01-17 23:10:10
32,Maragogi,-9.0122,-35.2225,77.56,81,1,9.71,BR,2021-01-17 23:10:10
33,Altay,47.8667,88.1167,12.24,60,50,1.66,CN,2021-01-17 23:05:10
34,Sunland Park,31.7965,-106.58,66.2,10,1,10.36,US,2021-01-17 23:10:10
35,Half Moon Bay,37.4636,-122.4286,66.0,55,1,8.05,US,2021-01-17 23:10:10
36,Muros,42.7762,-9.0603,51.01,92,5,6.31,ES,2021-01-17 23:06:32
37,Faanui,-16.4833,-151.75,81.75,74,0,13.53,PF,2021-01-17 23:10:10
38,Sakakah,29.9697,40.2064,50.0,46,0,6.91,SA,2021-01-17 23:10:11
39,Beloha,-25.1667,45.05,74.07,80,100,3.74,MG,2021-01-17 23:10:11
40,Avarua,-21.2078,-159.775,86.0,66,20,9.22,CK,2021-01-17 23:10:11
41,Dikson,73.5069,80.5464,-24.05,84,34,19.37,RU,2021-01-17 23:07:33
42,Pedasi,7.5333,-80.0333,80.38,75,10,5.7,PA,2021-01-17 23:10:11
43,Peso Da Regua,41.1649,-7.787,46.49,67,18,2.95,PT,2021-01-17 23:10:11
44,Rocha,-34.4833,-54.3333,65.39,70,9,9.04,UY,2021-01-17 23:10:11
45,New Norfolk,-42.7826,147.0587,61.0,70,97,4.0,AU,2021-01-17 23:10:11
46,Viseu,40.661,-7.9097,39.99,88,16,4.54,PT,2021-01-17 23:10:12
47,Pevek,69.7008,170.3133,-28.89,86,6,4.29,RU,2021-01-17 23:10:12
48,Mahebourg,-20.4081,57.7,78.8,78,75,11.5,MU,2021-01-17 23:10:12
49,Dongsheng,39.8161,109.9776,13.53,61,0,8.84,CN,2021-01-17 23:10:12
50,Ulladulla,-35.35,150.4667,72.0,60,0,8.05,AU,2021-01-17 23:10:12
51,Bakchar,57.0186,82.0711,16.12,95,100,13.62,RU,2021-01-17 23:10:12
52,Yellowknife,62.456,-114.3525,1.4,85,90,4.61,CA,2021-01-17 23:10:13
53,Maniitsoq,65.4167,-52.9,19.06,93,100,6.76,GL,2021-01-17 23:10:13
54,Georgetown,5.4112,100.3354,78.8,61,20,12.66,MY,2021-01-17 23:10:07
55,Shar,49.5886,81.0453,9.84,87,42,14.03,KZ,2021-01-17 23:10:13
56,Chapais,49.7834,-74.8492,15.8,92,90,16.11,CA,2021-01-17 23:08:37
57,Paita,-5.0892,-81.1144,73.51,77,35,18.01,PE,2021-01-17 23:10:13
58,Vaini,-21.2,-175.2,86.0,74,75,13.8,TO,2021-01-17 23:10:14
59,Talnakh,69.4865,88.3972,-8.07,77,100,5.06,RU,2021-01-17 23:10:14
60,Lebu,-37.6167,-73.65,58.5,81,0,20.47,CL,2021-01-17 23:10:10
61,San Vicente,-26.6167,-54.1333,68.0,100,100,2.42,AR,2021-01-17 23:10:14
62,Puerto Escondido,15.85,-97.0667,80.6,69,40,3.11,MX,2021-01-17 23:09:29
63,Dicabisagan,17.0818,122.4157,73.22,89,100,16.4,PH,2021-01-17 23:10:14
64,Cherskiy,68.75,161.3,-32.69,83,92,2.3,RU,2021-01-17 23:07:09
65,Saskylakh,71.9167,114.0833,-28.03,84,72,6.15,RU,2021-01-17 23:07:34
66,Udomlya,57.8794,34.9925,0.0,94,73,4.5,RU,2021-01-17 23:10:14
67,Madras,13.0878,80.2785,71.6,94,40,6.98,IN,2021-01-17 23:07:18
68,Ponta Delgada,37.7333,-25.6667,61.0,88,40,18.41,PT,2021-01-17 23:10:14
69,Port Elizabeth,-33.918,25.5701,66.2,82,75,2.3,ZA,2021-01-17 23:06:40
70,Laksham,23.2472,91.1425,56.12,65,0,1.16,BD,2021-01-17 23:10:15
71,Rio Grande,-32.035,-52.0986,71.01,84,75,1.99,BR,2021-01-17 23:09:13
72,Westport,41.1415,-73.3579,43.0,56,90,11.5,US,2021-01-17 23:08:14
73,Tuatapere,-46.1333,167.6833,62.01,54,60,7.0,NZ,2021-01-17 23:10:15
74,Rosarito,32.3333,-117.0333,80.6,13,1,3.44,MX,2021-01-17 23:10:15
75,Honiara,-9.4333,159.95,86.67,65,76,7.58,SB,2021-01-17 23:10:15
76,Jamestown,42.097,-79.2353,33.01,93,90,9.22,US,2021-01-17 23:10:15
77,Kaifeng,34.7911,114.3483,24.8,50,0,2.24,CN,2021-01-17 23:05:19
78,Meulaboh,4.1363,96.1285,76.05,84,98,4.14,ID,2021-01-17 23:10:16
79,Tiksi,71.6872,128.8694,-20.24,88,100,7.72,RU,2021-01-17 23:10:16
80,Bilma,18.6853,12.9164,62.56,27,100,16.46,NE,2021-01-17 23:10:16
81,Ust-Nera,64.5667,143.2,-34.53,72,86,4.85,RU,2021-01-17 23:10:16
82,Pisco,-13.7,-76.2167,71.6,78,0,23.02,PE,2021-01-17 23:09:20
83,Port Moresby,-9.4431,147.1797,82.4,94,40,5.75,PG,2021-01-17 23:10:16
84,Khuzdar,27.7384,66.6434,48.58,44,0,0.85,PK,2021-01-17 23:10:16
85,Imbituba,-28.24,-48.6703,77.0,94,75,5.75,BR,2021-01-17 23:07:04
86,Hithadhoo,-0.6,73.0833,80.87,71,61,7.02,MV,2021-01-17 23:10:16
87,Vila Franca Do Campo,37.7167,-25.4333,61.0,88,40,18.41,PT,2021-01-17 23:10:17
88,Hobart,-42.8794,147.3294,64.0,55,75,19.57,AU,2021-01-17 23:07:16
89,Provideniya,64.3833,-173.3,-2.2,65,90,11.18,RU,2021-01-17 23:10:17
90,Callaway,30.153,-85.5699,54.0,54,1,10.36,US,2021-01-17 23:10:17
91,San Ignacio,17.1561,-89.0714,78.8,69,40,4.61,BZ,2021-01-17 23:06:45
92,Atuona,-9.8,-139.0333,78.57,78,47,14.81,PF,2021-01-17 23:10:17
93,Bredasdorp,-34.5322,20.0403,68.0,77,82,9.22,ZA,2021-01-17 23:07:21
94,Guantanamo,20.1444,-75.2092,80.6,74,75,8.05,CU,2021-01-17 23:10:17
95,Barrow,71.2906,-156.7887,-2.2,71,90,16.11,US,2021-01-17 23:10:17
96,Kemin,42.7846,75.6892,35.78,64,94,6.06,KG,2021-01-17 23:10:18
97,Ilulissat,69.2167,-51.1,21.2,79,75,13.8,GL,2021-01-17 23:10:18
98,Scituate,42.1959,-70.7259,42.01,44,60,4.0,US,2021-01-17 23:10:18
99,Qaanaaq,77.484,-69.3632,-2.69,74,0,4.74,GL,2021-01-17 23:10:18
100,Berlevag,70.8578,29.0864,33.8,86,75,19.57,NO,2021-01-17 23:10:18
101,Lagoa Formosa,-18.7786,-46.4075,70.0,100,100,4.99,BR,2021-01-17 23:10:18
102,Limulunga,-15.0969,23.1376,70.52,72,100,4.09,ZM,2021-01-17 23:10:18
103,Puerto Ayora,-0.7393,-90.3518,80.6,69,75,17.27,EC,2021-01-17 23:10:18
104,San Quintin,30.4833,-115.95,72.86,30,0,6.13,MX,2021-01-17 23:10:19
105,Cape Town,-33.9258,18.4232,69.8,64,0,16.11,ZA,2021-01-17 23:05:22
106,Saint George,37.1041,-113.5841,62.01,18,1,0.2,US,2021-01-17 23:07:42
107,Victoria,22.2855,114.1577,54.0,53,72,1.01,HK,2021-01-17 23:07:36
108,Petropavlovsk-Kamchatskiy,53.0452,158.6483,23.0,68,90,22.37,RU,2021-01-17 23:10:19
109,Iquitos,-3.7481,-73.2472,87.8,62,20,3.44,PE,2021-01-17 23:07:50
110,Narsaq,60.9167,-46.05,21.2,68,75,6.71,GL,2021-01-17 23:10:19
111,Saint-Philippe,-21.3585,55.7679,78.8,73,0,4.61,RE,2021-01-17 23:10:19
112,Vao,-22.6667,167.4833,77.07,81,84,11.43,NC,2021-01-17 23:10:19
113,Road Town,18.4167,-64.6167,78.8,83,40,9.22,VG,2021-01-17 23:10:20
114,Lethem,3.3803,-59.7968,83.26,54,87,7.7,GY,2021-01-17 23:10:20
115,Santiago Del Estero,-27.7951,-64.2615,78.01,55,0,1.99,AR,2021-01-17 23:10:20
116,Clyde River,70.4692,-68.5914,6.8,92,90,25.32,CA,2021-01-17 23:10:20
117,Trofors,65.5333,13.4063,23.0,80,0,2.3,NO,2021-01-17 23:10:20
118,Mingaora,34.7758,72.3625,45.55,45,81,3.69,PK,2021-01-17 23:10:20
119,Fomboni,-12.28,43.7425,82.54,76,10,8.32,KM,2021-01-17 23:10:20
120,Arlit,18.7369,7.3853,65.95,25,100,6.76,NE,2021-01-17 23:10:20
121,Hay River,60.8156,-115.7999,8.6,85,53,2.3,CA,2021-01-17 23:10:20
122,Fougamou,-1.2154,10.5838,73.53,93,92,1.48,GA,2021-01-17 23:10:21
123,Lagoa,39.05,-27.9833,62.04,82,80,26.84,PT,2021-01-17 23:10:21
124,Bintulu,3.1667,113.0333,75.2,94,40,7.45,MY,2021-01-17 23:10:21
125,San Patricio,28.017,-97.5169,66.2,52,20,11.5,US,2021-01-17 23:10:21
126,Kiama,-34.6833,150.8667,77.0,66,10,1.01,AU,2021-01-17 23:10:21
127,Ketchikan,55.3422,-131.6461,44.6,87,90,8.05,US,2021-01-17 23:07:55
128,Shabo,46.1326,30.386,10.4,79,75,2.24,UA,2021-01-17 23:09:56
129,Haines Junction,60.7522,-137.5108,33.8,80,68,6.91,CA,2021-01-17 23:10:21
130,Thompson,55.7435,-97.8558,-7.6,77,75,3.44,CA,2021-01-17 23:05:46
131,Bambous Virieux,-20.3428,57.7575,80.01,78,75,11.5,MU,2021-01-17 23:10:22
132,Gagra,43.3283,40.2239,41.0,81,90,11.18,GE,2021-01-17 23:10:22
133,Husavik,66.0449,-17.3389,32.0,93,90,3.44,IS,2021-01-17 23:10:22
134,Cockburn Town,21.4612,-71.1419,77.0,78,40,4.61,TC,2021-01-17 23:08:18
135,Altea,38.5989,-0.0514,57.99,39,1,5.01,ES,2021-01-17 23:10:22
136,Longyearbyen,78.2186,15.6401,19.4,68,75,32.21,SJ,2021-01-17 23:10:22
137,Bluff,-46.6,168.3333,62.01,54,77,7.0,NZ,2021-01-17 23:10:22
138,Mar Del Plata,-38.0023,-57.5575,63.0,72,75,11.5,AR,2021-01-17 23:10:17
139,Upernavik,72.7868,-56.1549,12.2,86,62,8.52,GL,2021-01-17 23:10:22
140,Vila Velha,-20.3297,-40.2925,79.0,78,20,10.36,BR,2021-01-17 23:10:23
141,Safaga,26.7292,33.9365,60.8,31,0,9.66,EG,2021-01-17 23:10:23
142,Chokurdakh,70.6333,147.9167,-26.07,86,100,7.25,RU,2021-01-17 23:10:23
143,Torbay,47.6666,-52.7314,37.0,100,90,20.71,CA,2021-01-17 23:10:23
144,Lao Cai,22.4833,103.95,47.12,63,38,1.43,VN,2021-01-17 23:10:23
145,Terrenate,19.4833,-97.9167,59.0,51,75,4.61,MX,2021-01-17 23:10:23
146,Shahr-E Kord,32.3256,50.8644,41.0,56,20,9.22,IR,2021-01-17 23:10:23
147,Marsh Harbour,26.5412,-77.0636,67.89,66,100,17.29,BS,2021-01-17 23:10:23
148,Kumeny,58.1089,49.9161,-14.55,89,48,2.3,RU,2021-01-17 23:10:23
149,Fairbanks,64.8378,-147.7164,3.2,85,1,2.13,US,2021-01-17 23:10:24
150,Cayenne,4.9333,-52.3333,80.6,83,75,4.61,GF,2021-01-17 23:07:41
151,Mackay,-21.15,149.2,80.6,74,92,12.66,AU,2021-01-17 23:10:24
152,Luwuk,-0.9516,122.7875,77.7,80,100,1.68,ID,2021-01-17 23:10:24
153,Geraldton,-28.7667,114.6,82.4,54,79,5.75,AU,2021-01-17 23:10:24
154,Leningradskiy,69.3833,178.4167,-25.91,83,32,5.99,RU,2021-01-17 23:10:24
155,San Andres,12.5847,-81.7006,82.4,74,40,6.91,CO,2021-01-17 23:08:24
156,Shu,43.5983,73.7614,23.97,90,98,3.0,KZ,2021-01-17 23:07:07
157,Kapaa,22.0752,-159.319,82.4,65,1,14.97,US,2021-01-17 23:07:13
158,Yiyang,28.5892,112.3283,37.38,71,0,4.45,CN,2021-01-17 23:10:25
159,Kamenka,51.3223,42.7678,-2.99,87,99,5.48,RU,2021-01-17 23:10:25
160,Castro,-24.7911,-50.0119,65.34,96,100,8.3,BR,2021-01-17 23:10:25
161,East London,-33.0153,27.9116,69.96,72,94,4.47,ZA,2021-01-17 23:08:07
162,Tasiilaq,65.6145,-37.6368,17.6,73,0,6.91,GL,2021-01-17 23:10:25
163,Keflavik,64.0049,-22.5624,33.8,93,90,19.57,IS,2021-01-17 23:10:25
164,Anadyr,64.75,177.4833,-18.0,76,100,11.18,RU,2021-01-17 23:10:25
165,Tessalit,20.1986,1.0114,63.59,25,3,15.23,ML,2021-01-17 23:08:03
166,Esperance,-33.8667,121.9,59.0,82,8,9.22,AU,2021-01-17 23:10:25
167,Itoman,26.1247,127.6694,59.0,58,75,10.36,JP,2021-01-17 23:10:25
168,Mayo,38.8876,-76.5119,46.4,46,90,8.14,US,2021-01-17 23:10:26
169,Padang,-0.9492,100.3543,75.2,94,75,2.3,ID,2021-01-17 23:10:26
170,Opuwo,-18.0607,13.84,67.75,58,100,4.85,NA,2021-01-17 23:10:26
171,Aklavik,68.2191,-135.0107,-4.0,84,89,4.61,CA,2021-01-17 23:10:26
172,Yichang,30.7144,111.2847,38.28,74,0,4.43,CN,2021-01-17 23:10:26
173,Dunedin,-45.8742,170.5036,61.0,54,75,17.0,NZ,2021-01-17 23:10:26
174,Kaitangata,-46.2817,169.8464,62.01,41,57,8.01,NZ,2021-01-17 23:10:26
175,San Cristobal,7.7669,-72.225,82.4,65,40,6.91,VE,2021-01-17 23:10:26
176,Kontagora,10.3999,5.4695,71.87,19,8,4.85,NG,2021-01-17 23:10:27
177,Lorengau,-2.0226,147.2712,84.97,74,82,15.19,PG,2021-01-17 23:10:27
178,Sistranda,63.7256,8.834,28.4,80,0,19.57,NO,2021-01-17 23:10:27
179,Villa Rica,33.7321,-84.9191,46.99,42,75,4.61,US,2021-01-17 23:10:27
180,Fortuna,40.5982,-124.1573,60.01,82,1,11.5,US,2021-01-17 23:08:12
181,Sitka,57.0531,-135.33,42.8,75,75,10.36,US,2021-01-17 23:10:27
182,Dusti,37.3481,68.664,39.2,87,20,4.47,TJ,2021-01-17 23:10:27
183,Sivas,39.7916,37.0019,21.2,93,90,4.61,TR,2021-01-17 23:10:27
184,Bara,10.3744,10.7288,73.74,20,12,9.57,NG,2021-01-17 23:10:27
185,Bandarbeyla,9.4942,50.8122,74.14,73,14,12.93,SO,2021-01-17 23:10:27
186,Salyan,39.5936,48.9805,45.41,91,4,4.56,AZ,2021-01-17 23:10:27
187,Kodiak,57.79,-152.4072,39.2,70,90,17.27,US,2021-01-17 23:10:28
188,Necochea,-38.5473,-58.7368,62.01,74,78,16.67,AR,2021-01-17 23:08:08
189,Auki,-8.7676,160.7034,84.4,72,50,3.47,SB,2021-01-17 23:10:28
190,Warrington,53.3925,-2.5802,42.01,87,88,4.61,GB,2021-01-17 23:10:28
191,Beatrice,40.2681,-96.747,41.0,56,40,6.91,US,2021-01-17 23:10:28
192,Wad Madani,14.4012,33.5199,72.64,27,34,15.14,SD,2021-01-17 23:10:28
193,Yulara,-25.2406,130.9889,69.8,24,0,11.5,AU,2021-01-17 23:10:28
194,Camacha,33.0833,-16.3333,57.2,62,75,5.75,PT,2021-01-17 23:10:28
195,Kortkeros,61.8106,51.5806,-18.4,83,0,6.71,RU,2021-01-17 23:10:28
196,Port Augusta,-32.5,137.7667,68.0,68,90,12.66,AU,2021-01-17 23:10:29
197,Brae,60.3964,-1.353,44.6,81,75,26.46,GB,2021-01-17 23:10:29
198,Ostersund,63.1792,14.6357,-0.99,84,90,1.14,SE,2021-01-17 23:10:29
199,Kieta,-6.2167,155.6333,83.97,72,72,6.76,PG,2021-01-17 23:10:29
200,Fernie,49.5,-115.0687,39.2,52,100,2.3,CA,2021-01-17 23:10:29
201,Saint-Augustin,51.226,-58.6502,36.97,93,100,26.35,CA,2021-01-17 23:10:29
202,Bethel,41.3712,-73.414,39.99,56,90,5.75,US,2021-01-17 23:10:29
203,Oktyabrskoye,43.0645,44.7417,30.2,100,100,6.71,RU,2021-01-17 23:10:29
204,Iqaluit,63.7506,-68.5145,-14.8,70,20,5.75,CA,2021-01-17 23:10:14
205,Pokhara,28.2333,83.9833,53.4,51,0,4.21,NP,2021-01-17 23:10:30
206,Matamba,-8.9833,33.9667,55.78,91,72,2.71,TZ,2021-01-17 23:10:30
207,Nizwa,22.9333,57.5333,56.19,56,29,1.97,OM,2021-01-17 23:10:30
208,Port Alfred,-33.5906,26.891,66.0,89,71,4.81,ZA,2021-01-17 23:10:30
209,Ponta Do Sol,32.6667,-17.1,59.0,63,75,5.75,PT,2021-01-17 23:10:30
210,Carnarvon,-24.8667,113.6333,80.6,78,98,5.75,AU,2021-01-17 23:10:30
211,Dingle,10.9995,122.6711,74.91,92,100,7.56,PH,2021-01-17 23:10:31
212,Kununurra,-15.7667,128.7333,84.2,65,27,4.61,AU,2021-01-17 23:07:19
213,Mogadishu,2.0371,45.3438,76.21,82,95,20.89,SO,2021-01-17 23:05:33
214,Negotin,44.2264,22.5308,16.0,6,0,4.9,RS,2021-01-17 23:10:31
215,Namatanai,-3.6667,152.4333,84.25,70,33,12.15,PG,2021-01-17 23:10:31
216,Taoudenni,22.6783,-3.9836,57.83,32,39,17.0,ML,2021-01-17 23:10:31
217,Marion,39.7684,-86.1555,32.0,86,90,12.66,US,2021-01-17 23:10:04
218,Alofi,-19.0595,-169.9187,87.8,58,75,9.22,NU,2021-01-17 23:10:31
219,Severo-Kurilsk,50.6789,156.125,19.87,93,90,40.91,RU,2021-01-17 23:10:31
220,Comodoro Rivadavia,-45.8667,-67.5,71.6,53,0,11.5,AR,2021-01-17 23:09:37
221,Albania,41.0,20.0,32.0,64,75,2.3,AL,2021-01-17 23:07:29
222,Constitucion,-35.3333,-72.4167,65.37,61,0,16.8,CL,2021-01-17 23:07:17
223,Rawah,34.4816,41.9093,54.1,49,17,10.65,IQ,2021-01-17 23:10:32
224,Kruisfontein,-34.0033,24.7314,68.0,77,68,1.01,ZA,2021-01-17 23:10:32
225,Camopi,3.1655,-52.3158,72.23,98,100,2.62,GF,2021-01-17 23:10:32
226,Sao Jose Da Coroa Grande,-8.8978,-35.1478,77.54,81,1,9.86,BR,2021-01-17 23:10:32
227,Jalingo,8.8833,11.3667,77.49,19,44,3.96,NG,2021-01-17 23:10:32
228,Bonthe,7.5264,-12.505,77.38,86,0,7.18,SL,2021-01-17 23:10:32
229,Bonfim,3.0833,-59.95,83.98,53,94,7.83,BR,2021-01-17 23:10:32
230,Victor Harbor,-35.5667,138.6167,62.01,83,95,3.0,AU,2021-01-17 23:10:32
231,Hamilton,39.1834,-84.5333,34.0,86,90,6.91,US,2021-01-17 23:10:33
232,Trairi,-3.2778,-39.2689,79.72,76,73,12.01,BR,2021-01-17 23:10:33
233,Zyryanka,65.75,150.85,-37.48,83,100,4.34,RU,2021-01-17 23:10:33
234,Zonguldak,41.25,31.8333,23.38,99,100,4.47,TR,2021-01-17 23:10:33
235,Colares,38.7992,-9.4469,52.0,63,83,5.93,PT,2021-01-17 23:10:33
236,Mbekenyera,-10.0,38.9833,73.67,95,94,4.7,TZ,2021-01-17 23:10:33
237,Hofn,64.2539,-15.2082,39.24,71,100,11.14,IS,2021-01-17 23:10:33
238,Tual,-5.6667,132.75,82.47,80,93,18.75,ID,2021-01-17 23:10:33
239,Jumla,29.2747,82.1838,38.32,67,0,3.42,NP,2021-01-17 23:10:33
240,Nuuk,64.1835,-51.7216,24.8,80,90,6.91,GL,2021-01-17 23:07:28
241,Cabedelo,-6.9811,-34.8339,78.8,78,0,10.36,BR,2021-01-17 23:10:34
242,Komsomolskiy,40.4272,71.7189,35.6,55,88,6.91,UZ,2021-01-17 23:07:38
243,Lerwick,60.1545,-1.1494,44.6,81,75,26.46,GB,2021-01-17 23:10:34
244,Kahului,20.8947,-156.47,80.6,65,75,9.22,US,2021-01-17 23:10:34
245,Vanimo,-2.6741,141.3028,81.88,81,90,7.54,PG,2021-01-17 23:08:09
246,Bozova,37.3625,38.5267,39.2,100,75,17.27,TR,2021-01-17 23:10:35
247,Thinadhoo,0.5333,72.9333,81.43,70,34,6.69,MV,2021-01-17 23:09:09
248,Boralday,43.3578,76.8594,15.8,86,20,4.47,KZ,2021-01-17 23:10:35
249,Mahibadhoo,3.7833,72.9667,80.96,77,0,10.47,MV,2021-01-17 23:10:35
250,Souillac,-20.5167,57.5167,78.8,83,40,11.5,MU,2021-01-17 23:10:35
251,Fukue,32.6881,128.8419,43.36,64,99,12.44,JP,2021-01-17 23:10:35
252,Tecoanapa,16.5167,-98.75,82.26,65,21,9.31,MX,2021-01-17 23:10:35
253,Yinchuan,38.4681,106.2731,23.16,69,0,3.87,CN,2021-01-17 23:10:35
254,Polunochnoye,60.8697,60.4153,-14.04,87,0,5.3,RU,2021-01-17 23:10:35
255,Iralaya,15.0,-83.2333,78.53,84,100,8.46,HN,2021-01-17 23:10:35
256,Pangnirtung,66.1451,-65.7125,-18.38,80,60,2.57,CA,2021-01-17 23:10:36
257,Ostrovnoy,68.0531,39.5131,16.77,95,99,14.7,RU,2021-01-17 23:10:36
258,Meru,0.0463,37.6559,59.56,80,89,4.47,KE,2021-01-17 23:10:36
259,Onguday,50.75,86.15,11.75,82,28,3.49,RU,2021-01-17 23:10:36
260,Vinderup,56.4752,8.7908,32.0,86,90,5.75,DK,2021-01-17 23:10:36
261,La Ronge,55.1001,-105.2842,3.2,85,90,6.91,CA,2021-01-17 23:10:36
262,Emba,48.8264,58.1442,18.0,92,87,7.49,KZ,2021-01-17 23:10:36
263,Calabozo,8.9242,-67.4293,84.96,44,56,7.76,VE,2021-01-17 23:10:36
264,Flin Flon,54.7682,-101.865,-0.4,78,90,6.91,CA,2021-01-17 23:10:37
265,Sobolevo,54.4299,31.8996,-9.78,90,25,3.98,RU,2021-01-17 23:10:37
266,Svetlogorsk,52.6333,29.7333,-2.85,91,83,5.97,BY,2021-01-17 23:10:37
267,Huilong,31.8111,121.655,39.0,65,0,10.51,CN,2021-01-17 23:10:37
268,Bay City,43.5945,-83.8889,33.01,86,90,4.36,US,2021-01-17 23:10:37
269,Dudinka,69.4058,86.1778,-7.87,85,100,8.88,RU,2021-01-17 23:10:37
270,Acarau,-2.8856,-40.12,79.97,79,88,14.58,BR,2021-01-17 23:10:38
271,Malpe,13.35,74.7167,77.0,94,40,5.19,IN,2021-01-17 23:10:38
272,Miranda,3.2499,-76.2281,84.2,54,40,9.22,CO,2021-01-17 23:10:38
273,Tigre,-34.426,-58.5796,75.99,45,0,1.01,AR,2021-01-17 23:10:38
274,Nikolskoye,59.7035,30.7861,18.0,93,75,6.71,RU,2021-01-17 23:10:38
275,Safford,32.834,-109.7076,68.0,10,1,0.25,US,2021-01-17 23:10:38
276,Okhotsk,59.3833,143.3,-18.35,74,100,19.6,RU,2021-01-17 23:10:38
277,Saint-Pierre,-21.3393,55.4781,78.8,73,0,2.3,RE,2021-01-17 23:10:38
278,Poyarkovo,49.6,128.6833,-26.68,85,98,6.2,RU,2021-01-17 23:10:39
279,Hambantota,6.1241,81.1185,75.58,84,93,10.27,LK,2021-01-17 23:07:39
280,Buchanan,5.8808,-10.0467,75.2,94,40,5.77,LR,2021-01-17 23:10:39
281,San Lorenzo,-25.3333,-57.5333,73.4,78,0,9.22,PY,2021-01-17 23:10:39
282,Sao Filipe,14.8961,-24.4956,72.05,73,0,5.66,CV,2021-01-17 23:10:39
283,Richards Bay,-28.783,32.0377,71.58,88,73,7.02,ZA,2021-01-17 23:10:39
284,Njombe,-9.3333,34.7667,55.74,92,87,2.39,TZ,2021-01-17 23:10:39
285,Kudahuvadhoo,2.6708,72.8944,81.25,73,15,7.7,MV,2021-01-17 23:10:39
286,Dakar,14.6937,-17.4441,66.2,72,99,13.8,SN,2021-01-17 23:10:40
287,Riyadh,24.6877,46.7219,60.8,29,0,4.59,SA,2021-01-17 23:10:40
288,Khandbari,27.3747,87.2039,51.66,57,0,2.86,NP,2021-01-17 23:10:40
289,Cape Canaveral,28.4058,-80.6048,61.0,63,40,4.61,US,2021-01-17 23:05:50
290,Igdir,39.9237,44.045,44.6,53,85,3.44,TR,2021-01-17 23:10:40
291,Ribeira Brava,32.65,-17.0667,59.0,63,75,5.75,PT,2021-01-17 23:10:40
292,Palana,59.1167,159.9667,3.67,93,100,22.57,RU,2021-01-17 23:10:40
293,Cabo San Lucas,22.8909,-109.9124,78.8,31,1,8.05,MX,2021-01-17 23:07:54
294,Beringovskiy,63.05,179.3167,-13.34,88,17,8.12,RU,2021-01-17 23:10:41
295,Pemangkat,1.1667,108.9667,76.62,87,100,13.89,ID,2021-01-17 23:10:41
296,Bella Union,-30.2752,-57.6007,72.1,55,9,4.74,UY,2021-01-17 23:10:41
297,Birao,10.2849,22.7882,67.93,24,60,4.79,CF,2021-01-17 23:10:41
298,Laguna,38.421,-121.4238,70.0,43,1,1.43,US,2021-01-17 23:10:41
299,Fare,-16.7,-151.0167,81.91,73,0,13.15,PF,2021-01-17 23:10:41
300,Nova Vicosa,-17.8919,-39.3719,76.3,81,1,9.13,BR,2021-01-17 23:10:41
301,Bulawayo,-20.15,28.5833,66.22,94,100,5.03,ZW,2021-01-17 23:10:41
302,Mahon,39.8885,4.2658,50.0,71,40,18.41,ES,2021-01-17 23:10:42
303,Salinopolis,-0.6136,-47.3561,79.83,83,99,9.91,BR,2021-01-17 23:10:42
304,Cross Lanes,38.4204,-81.7907,37.99,87,90,12.66,US,2021-01-17 23:10:42
305,Samarai,-10.6167,150.6667,84.99,74,50,15.84,PG,2021-01-17 23:10:42
306,Kushiro,42.975,144.3747,8.6,92,20,5.75,JP,2021-01-17 23:08:19
307,Salalah,17.0151,54.0924,66.2,32,0,3.44,OM,2021-01-17 23:10:42
308,Sinnamary,5.3833,-52.95,77.45,87,98,10.87,GF,2021-01-17 23:10:42
309,Los Banos,14.1667,121.1833,77.0,78,90,2.3,PH,2021-01-17 23:10:42
310,Helong,42.5397,128.9972,1.96,83,81,5.99,CN,2021-01-17 23:10:42
311,Bowen,-20.0167,148.2333,75.2,94,75,11.5,AU,2021-01-17 23:10:43
312,Marrakesh,31.6315,-8.0083,50.0,53,0,3.44,MA,2021-01-17 23:10:40
313,Ghoti,19.7168,73.6245,69.49,57,1,1.54,IN,2021-01-17 23:10:43
314,Tuktoyaktuk,69.4541,-133.0374,-4.0,84,90,9.22,CA,2021-01-17 23:10:43
315,Porto Belo,-27.1578,-48.5531,80.6,89,75,3.44,BR,2021-01-17 23:10:43
316,Cloquet,46.7216,-92.4594,21.0,86,90,4.61,US,2021-01-17 23:10:43
317,Elizabeth City,36.2946,-76.2511,44.01,61,1,4.61,US,2021-01-17 23:09:22
318,Mount Isa,-20.7333,139.5,80.6,19,33,14.97,AU,2021-01-17 23:10:43
319,Yakeshi,49.2833,120.7333,-32.01,83,27,4.21,CN,2021-01-17 23:10:43
320,Yefremov,53.1481,38.0992,-8.93,91,92,4.0,RU,2021-01-17 23:10:43
321,Iranshahr,27.2025,60.6848,54.37,47,0,2.33,IR,2021-01-17 23:10:44
322,Okato,-39.2,173.8833,64.0,53,37,11.01,NZ,2021-01-17 23:10:44
323,Kavieng,-2.5744,150.7967,84.92,72,52,18.19,PG,2021-01-17 23:10:44
324,Itarema,-2.9248,-39.9167,79.88,78,92,13.33,BR,2021-01-17 23:10:44
325,Ubinskoye,55.3068,79.6802,17.31,96,100,17.85,RU,2021-01-17 23:10:44
326,Koslan,63.4564,48.8989,-2.49,92,100,2.28,RU,2021-01-17 23:10:44
327,Stornoway,58.2093,-6.3865,39.2,81,40,18.41,GB,2021-01-17 23:10:44
328,Hervey Bay,-25.2986,152.8535,84.0,72,100,3.0,AU,2021-01-17 23:10:44
329,Aragarcas,-15.8975,-52.2508,74.26,88,100,2.44,BR,2021-01-17 23:10:44
330,Nueva Rosita,27.95,-101.2167,66.0,28,0,1.01,MX,2021-01-17 23:10:45
331,Atlantic Beach,30.3344,-81.3987,55.4,47,1,4.61,US,2021-01-17 23:10:45
332,San Carlos De Bariloche,-41.1456,-71.3082,73.0,37,0,23.02,AR,2021-01-17 23:10:46
333,Hearst,49.6835,-83.6665,1.4,85,16,2.3,CA,2021-01-17 23:10:46
334,Peleduy,59.6289,112.7406,-41.13,73,4,1.1,RU,2021-01-17 23:10:47
335,Lavrentiya,65.5833,-171.0,-11.09,82,100,9.64,RU,2021-01-17 23:10:47
336,Tucupita,9.0622,-62.051,74.07,84,96,4.9,VE,2021-01-17 23:10:48
337,Brownwood,31.7093,-98.9912,59.0,25,1,5.75,US,2021-01-17 23:10:48
338,Porto San Giorgio,43.1827,13.7934,37.99,29,94,12.01,IT,2021-01-17 23:10:48
339,Katsuura,35.1333,140.3,39.0,68,96,1.01,JP,2021-01-17 23:07:26
340,Santa Rosa,14.3122,121.1114,77.0,78,90,2.3,PH,2021-01-17 23:10:48
341,Chuy,-33.6971,-53.4616,68.32,64,67,9.22,UY,2021-01-17 23:10:48
342,Narrabri,-30.3167,149.7833,73.4,46,75,4.61,AU,2021-01-17 23:10:48
343,Eydhafushi,5.1033,73.0708,81.55,74,3,12.3,MV,2021-01-17 23:10:49
344,Hami,42.8,93.45,13.71,77,0,3.06,CN,2021-01-17 23:10:49
345,Bhusawal,21.05,75.7667,73.38,38,14,5.41,IN,2021-01-17 23:10:49
346,Katobu,-4.9408,122.5276,76.01,89,100,4.56,ID,2021-01-17 23:10:49
347,Saint-Denis,48.9167,2.3333,39.99,87,90,4.61,FR,2021-01-17 23:10:49
348,Pemagatsel,27.0319,91.4266,44.29,80,1,4.52,BT,2021-01-17 23:10:49
349,Ornskoldsvik,63.2909,18.7153,1.4,100,75,5.75,SE,2021-01-17 23:10:49
350,Manggar,-2.8833,108.2667,78.57,86,100,14.16,ID,2021-01-17 23:07:47
351,Berezovyy,51.6667,135.7,-15.16,85,100,0.56,RU,2021-01-17 23:10:50
352,Tazovskiy,67.4667,78.7,-11.83,89,100,15.59,RU,2021-01-17 23:08:01
353,Amapa,1.0,-52.0,72.68,96,78,3.58,BR,2021-01-17 23:10:50
354,Belyy Yar,53.6039,91.3903,17.6,73,0,6.71,RU,2021-01-17 23:10:50
355,Los Llanos De Aridane,28.6585,-17.9182,64.4,63,90,5.75,ES,2021-01-17 23:06:03
356,Telimele,10.9167,-13.3333,66.07,38,58,0.94,GN,2021-01-17 23:10:50
357,Ucluelet,48.9329,-125.5528,50.0,81,20,13.8,CA,2021-01-17 23:10:50
358,Pangody,65.85,74.4859,-13.11,89,100,12.28,RU,2021-01-17 23:10:50
359,Sao Geraldo Do Araguaia,-6.4006,-48.555,75.61,89,83,1.01,BR,2021-01-17 23:10:51
360,Vysokogornyy,50.1167,139.15,-18.62,86,100,1.1,RU,2021-01-17 23:10:51
361,Srandakan,-7.9386,110.2506,76.05,81,96,3.29,ID,2021-01-17 23:10:51
362,Diamantino,-14.4086,-56.4461,72.32,92,84,3.4,BR,2021-01-17 23:10:51
363,Coracora,-15.0333,-73.7833,50.86,77,83,7.92,PE,2021-01-17 23:10:51
364,Ancud,-41.8697,-73.8203,62.6,67,0,6.91,CL,2021-01-17 23:10:31
365,Tautira,-17.7333,-149.15,87.8,51,40,9.22,PF,2021-01-17 23:10:51
366,Banjar,-8.19,114.9675,77.0,94,75,2.3,ID,2021-01-17 23:10:51
367,Meihekou,42.5272,125.6753,-0.76,89,97,8.79,CN,2021-01-17 23:10:51
368,Isabela,6.7085,121.9711,77.0,94,90,11.5,PH,2021-01-17 23:08:11
369,Consolacion Del Sur,22.5047,-83.5136,66.43,77,93,6.55,CU,2021-01-17 23:10:52
370,Saint-Joseph,-21.3667,55.6167,78.8,73,0,2.3,RE,2021-01-17 23:10:52
371,Ilebo,-4.3167,20.5833,70.48,94,100,1.54,CD,2021-01-17 23:10:52
372,Teonthar,24.9833,81.65,50.4,66,0,3.67,IN,2021-01-17 23:10:52
373,Sao Miguel Do Araguaia,-13.275,-50.1628,74.25,89,98,2.84,BR,2021-01-17 23:09:04
374,Saint-Georges,12.0564,-61.7485,77.0,88,40,13.8,GD,2021-01-17 23:10:52
375,Niono,14.2526,-5.993,70.65,19,83,12.91,ML,2021-01-17 23:10:52
376,Mecca,21.4267,39.8261,67.5,58,0,8.52,SA,2021-01-17 23:06:02
377,Mana,5.6592,-53.7767,77.45,86,99,9.53,GF,2021-01-17 23:10:52
378,La Primavera,5.4906,-70.4092,84.24,55,50,6.67,CO,2021-01-17 23:10:53
379,Vilyuysk,63.7553,121.6247,-37.21,82,100,3.24,RU,2021-01-17 23:10:53
380,Chilca,-12.5211,-76.7372,73.4,68,0,18.41,PE,2021-01-17 23:10:53
381,Cartagena,10.3997,-75.5144,82.4,74,20,10.36,CO,2021-01-17 23:10:53
382,Payo,-3.7508,103.6372,73.06,95,100,2.64,ID,2021-01-17 23:10:53
383,Korla,41.7597,86.1469,13.93,83,5,0.69,CN,2021-01-17 23:10:53
384,Sangar,63.9242,127.4739,-39.93,80,100,3.4,RU,2021-01-17 23:10:53
385,Dzilam Gonzalez,21.2833,-88.9333,68.07,60,99,6.13,MX,2021-01-17 23:10:53
386,Madaoua,14.073,5.96,72.64,20,82,12.21,NE,2021-01-17 23:10:54
387,Camana,-16.6228,-72.7111,72.68,69,7,6.53,PE,2021-01-17 23:10:54
388,Scottsbluff,41.8666,-103.6672,46.4,31,1,8.05,US,2021-01-17 23:10:37
389,Ringkobing,56.0901,8.244,33.01,84,92,4.0,DK,2021-01-17 23:10:54
390,Arman,59.7,150.1667,-13.4,86,100,17.05,RU,2021-01-17 23:10:54
391,Namwala,-15.7504,26.4384,67.66,95,100,3.78,ZM,2021-01-17 23:10:54
392,Kalemie,-5.9475,29.1947,69.12,84,99,3.8,CD,2021-01-17 23:10:54
393,Bolshaya Glushitsa,50.2406,43.5908,6.01,86,100,6.91,RU,2021-01-17 23:10:54
394,Clarence Town,-32.5833,151.7833,73.0,73,75,6.91,AU,2021-01-17 23:10:55
395,Gambiran,-6.7988,111.4951,74.32,94,100,6.22,ID,2021-01-17 23:10:55
396,Prince Rupert,54.3161,-130.3201,46.4,87,90,4.61,CA,2021-01-17 23:10:55
397,Alekseyevsk,57.8406,108.3492,-29.4,79,100,2.98,RU,2021-01-17 23:10:55
398,Synya,65.3718,58.0387,-21.44,87,99,3.31,RU,2021-01-17 23:10:55
399,Copiapo,-27.3667,-70.3333,64.4,72,40,12.66,CL,2021-01-17 23:10:55
400,Namibe,-15.1961,12.1522,73.13,76,96,10.36,AO,2021-01-17 23:10:55
401,Lanzhou,36.0564,103.7922,5.0,61,0,6.71,CN,2021-01-17 23:10:55
402,Teya,60.3778,92.6267,-2.7,89,100,3.98,RU,2021-01-17 23:10:55
403,Jurm,36.8648,70.8342,34.77,61,100,6.15,AF,2021-01-17 23:10:56
404,Caravelas,-17.7125,-39.2481,76.21,83,0,6.51,BR,2021-01-17 23:10:56
405,Luderitz,-26.6481,15.1594,64.51,78,13,10.69,NA,2021-01-17 23:10:56
406,Asau,46.4333,26.4,23.0,86,75,5.75,RO,2021-01-17 23:07:55
407,Zhigalovo,54.8097,105.1578,-12.75,86,100,1.79,RU,2021-01-17 23:10:56
408,Sungairaya,0.7,108.9,76.42,86,99,12.66,ID,2021-01-17 23:10:56
409,Chepareria,1.3077,35.2039,61.74,67,90,4.29,KE,2021-01-17 23:10:56
410,Alice Springs,-23.7,133.8833,77.0,26,0,5.75,AU,2021-01-17 23:10:56
411,Gavrilovka Vtoraya,52.877,42.7663,-9.85,90,99,0.96,RU,2021-01-17 23:10:57
412,Sokolo,14.7328,-6.1219,69.58,20,78,12.66,ML,2021-01-17 23:10:57
413,Touros,-5.1989,-35.4608,78.8,78,20,6.91,BR,2021-01-17 23:10:57
414,Moussoro,13.6408,16.4901,69.33,22,34,10.4,TD,2021-01-17 23:10:57
415,Salym,60.0625,71.4789,-8.72,90,99,8.28,RU,2021-01-17 23:10:57
416,Upington,-28.4478,21.2561,71.6,53,0,4.61,ZA,2021-01-17 23:10:58
417,Dragor,55.5946,12.6664,30.0,93,90,5.75,DK,2021-01-17 23:10:58
418,Zaysan,47.4667,84.8667,4.12,85,41,0.18,KZ,2021-01-17 23:10:19
419,Srednekolymsk,67.45,153.6833,-41.1,81,40,3.0,RU,2021-01-17 23:10:58
420,Jizan,17.3333,42.6667,77.0,83,20,3.44,SA,2021-01-17 23:10:58
421,Gat,31.61,34.7642,53.01,100,76,1.01,IL,2021-01-17 23:10:58
422,Madang,-5.2246,145.7966,81.91,82,67,3.09,PG,2021-01-17 23:10:58
423,Roanoke Rapids,36.4615,-77.6542,42.8,87,1,6.96,US,2021-01-17 23:10:58
424,Sukhobuzimskoye,56.5,93.2728,19.4,68,40,8.95,RU,2021-01-17 23:10:58
425,Buduran,-7.4281,112.7234,75.2,94,20,6.91,ID,2021-01-17 23:10:59
426,Fort Smith,35.3859,-94.3986,51.8,32,20,12.66,US,2021-01-17 23:08:38
427,Naze,28.3667,129.4833,50.0,81,40,10.36,JP,2021-01-17 23:10:59
428,Shimoda,34.6667,138.95,34.0,80,57,1.01,JP,2021-01-17 23:10:59
429,Kyabram,-36.3167,145.05,66.99,55,0,1.01,AU,2021-01-17 23:10:59
430,Springbok,-29.6643,17.8865,62.08,67,0,1.77,ZA,2021-01-17 23:10:59
431,Nemuro,43.3236,145.575,23.29,94,97,8.23,JP,2021-01-17 23:07:55
432,Kushmurun,52.4503,64.6311,-2.0,90,0,7.67,KZ,2021-01-17 23:10:59
433,Chifeng,42.2683,118.9636,-7.08,82,63,3.74,CN,2021-01-17 23:11:00
434,Manaure,11.7751,-72.4445,81.55,61,8,14.23,CO,2021-01-17 23:11:00
435,Tahta,26.7693,31.5021,53.6,40,0,9.22,EG,2021-01-17 23:11:00
436,Otavi,-19.65,17.3333,68.63,81,100,4.0,NA,2021-01-17 23:11:00
437,Novoseleznevo,55.6821,69.2056,2.26,91,64,14.65,RU,2021-01-17 23:11:00
438,Pocao De Pedras,-4.6667,-44.85,76.37,91,100,2.01,BR,2021-01-17 23:11:00
439,Dover,39.1582,-75.5244,43.0,56,90,5.75,US,2021-01-17 23:11:01
440,Buraydah,26.326,43.975,53.6,62,0,5.75,SA,2021-01-17 23:07:23
441,Hasaki,35.7333,140.8333,34.0,80,75,6.91,JP,2021-01-17 23:09:18
442,Rawson,-43.3002,-65.1023,67.33,52,23,11.07,AR,2021-01-17 23:10:45
443,Baruun-Urt,46.6806,113.2792,-18.62,88,84,3.65,MN,2021-01-17 23:11:01
444,Tornio,65.8481,24.1466,1.4,85,0,1.14,FI,2021-01-17 23:11:01
445,Chake Chake,-5.2459,39.7666,76.96,88,65,7.0,TZ,2021-01-17 23:11:01
446,Askino,56.0901,56.5783,-9.13,91,100,6.13,RU,2021-01-17 23:11:01
447,Olutanga,7.3106,122.8464,78.21,86,100,8.55,PH,2021-01-17 23:11:02
448,Vera Cruz,-12.6333,-41.0333,73.09,67,88,9.64,BR,2021-01-17 23:11:02
449,Isangel,-19.55,169.2667,86.0,89,75,5.75,VU,2021-01-17 23:11:02
450,Uarini,-2.99,-65.1083,80.6,89,20,3.44,BR,2021-01-17 23:11:02
451,Oxapampa,-10.5775,-75.4017,62.83,91,98,1.79,PE,2021-01-17 23:11:02
452,Baoding,38.8511,115.4903,21.83,65,0,3.83,CN,2021-01-17 23:06:17
453,Tura,25.5198,90.2201,58.21,69,0,3.15,IN,2021-01-17 23:11:02
454,Codrington,-38.2667,141.9667,60.01,74,99,14.85,AU,2021-01-17 23:11:02
455,Klaksvik,62.2266,-6.589,33.8,93,75,16.11,FO,2021-01-17 23:07:20
456,Chumikan,54.7183,135.315,-22.79,75,96,10.65,RU,2021-01-17 23:11:03
457,Santa Ines,-3.6667,-45.38,75.9,93,99,3.47,BR,2021-01-17 23:11:03
458,Sisimiut,66.9395,-53.6735,17.08,94,100,17.31,GL,2021-01-17 23:11:03
459,Marawi,7.9986,124.2928,75.0,90,99,4.0,PH,2021-01-17 23:11:03
460,Turukhansk,65.8167,87.9833,-13.5,87,100,19.01,RU,2021-01-17 23:11:03
461,Hovd,48.0056,91.6419,-1.07,82,90,1.43,MN,2021-01-17 23:07:41
462,Tongzhou,39.9053,116.5994,28.99,52,0,2.24,CN,2021-01-17 23:11:03
463,Lahuachaca,-17.3667,-67.6667,50.58,75,92,3.33,BO,2021-01-17 23:11:03
464,Saint-Francois,46.4154,3.9054,36.0,100,90,3.44,FR,2021-01-17 23:11:04
465,Collie,-33.3667,116.15,71.1,30,55,11.83,AU,2021-01-17 23:11:04
466,Andenes,69.3143,16.1194,28.4,100,40,4.61,NO,2021-01-17 23:11:04
467,Kapuskasing,49.4169,-82.4331,6.8,85,10,6.91,CA,2021-01-17 23:11:04
468,Tulum,20.2167,-87.4667,69.8,78,90,13.8,MX,2021-01-17 23:11:04
469,Otane,-39.8833,176.6333,62.01,70,35,8.01,NZ,2021-01-17 23:11:04
470,Nanortalik,60.1432,-45.2371,26.76,93,100,4.7,GL,2021-01-17 23:11:04
471,Zambezi,-13.5432,23.1047,66.52,88,100,5.3,ZM,2021-01-17 23:11:04
472,Bilibino,68.0546,166.4372,-28.21,82,86,1.86,RU,2021-01-17 23:11:04
473,Carroll,39.5501,-77.0164,42.8,56,90,6.91,US,2021-01-17 23:11:04
474,Najran,17.4924,44.1277,59.0,36,0,0.43,SA,2021-01-17 23:11:04
475,Dukat,62.55,155.55,-33.84,82,100,7.11,RU,2021-01-17 23:07:57
476,Lompoc,34.6391,-120.4579,80.01,22,0,12.66,US,2021-01-17 23:08:03
477,Sigli,5.3848,95.9609,78.62,81,99,11.88,ID,2021-01-17 23:11:05
478,Ugoofaaru,5.6667,73.0,81.59,76,32,11.45,MV,2021-01-17 23:11:05
479,Inhambane,-23.865,35.3833,78.49,89,100,5.39,MZ,2021-01-17 23:11:05
480,Sambava,-14.2667,50.1667,77.14,90,56,6.26,MG,2021-01-17 23:11:05
481,Airai,-8.9266,125.4092,63.72,100,100,1.28,TL,2021-01-17 23:11:05
482,Xinqing,48.2333,129.5,-15.81,86,100,5.55,CN,2021-01-17 23:11:05
483,Labuhan,-6.8844,112.2051,77.2,85,99,8.63,ID,2021-01-17 23:11:05
484,Shaping,22.7545,112.9565,48.99,59,94,4.0,CN,2021-01-17 23:11:05
485,Hobyo,5.3505,48.5268,75.67,76,0,13.2,SO,2021-01-17 23:11:06
486,Nome,64.5011,-165.4064,7.0,85,1,5.26,US,2021-01-17 23:11:06
487,Oistins,13.0667,-59.5333,78.8,73,20,18.41,BB,2021-01-17 23:11:06
488,The Valley,18.217,-63.0578,78.8,83,20,9.22,AI,2021-01-17 23:09:57
489,Swellendam,-34.0226,20.4417,66.2,82,15,6.91,ZA,2021-01-17 23:11:06
490,Contamana,-7.3333,-75.0167,86.9,57,57,5.1,PE,2021-01-17 23:11:06
491,Nelson Bay,-32.7167,152.15,73.0,73,75,6.91,AU,2021-01-17 23:11:06
492,Batemans Bay,-35.7167,150.1833,71.01,67,0,1.99,AU,2021-01-17 23:11:06
493,Pangoa,-12.1167,-73.0,73.6,91,93,1.92,PE,2021-01-17 23:11:06
494,Svetlaya,46.5389,138.3297,2.34,81,72,7.16,RU,2021-01-17 23:11:07
495,Orlik,52.5178,99.825,6.1,85,90,3.85,RU,2021-01-17 23:11:07
496,Shubarkuduk,49.1447,56.4872,20.23,95,100,8.12,KZ,2021-01-17 23:11:07
497,Vestmanna,62.1564,-7.1664,33.8,93,75,16.11,FO,2021-01-17 23:08:05
498,Kilindoni,-7.9139,39.6668,81.28,79,99,13.89,TZ,2021-01-17 23:11:07
499,Valparaiso,-33.0393,-71.6273,73.4,40,0,8.05,CL,2021-01-17 23:10:40
500,Bojnurd,37.4747,57.329,35.6,55,20,5.06,IR,2021-01-17 23:11:08
501,Spas-Klepiki,55.1347,40.1767,-11.22,90,84,1.25,RU,2021-01-17 23:11:08
502,Ayan,56.45,138.1667,-27.27,73,0,13.04,RU,2021-01-17 23:11:08
503,Noumea,-22.2763,166.4572,84.2,74,90,4.61,NC,2021-01-17 23:11:08
504,Ulaangom,49.9811,92.0667,-21.82,85,84,1.07,MN,2021-01-17 23:11:09
505,Vostok,46.4856,135.8833,-13.02,87,31,3.65,RU,2021-01-17 23:11:09
506,Atar,20.5169,-13.0499,65.79,23,100,17.2,MR,2021-01-17 23:11:09
507,Olafsvik,64.8945,-23.7142,36.45,94,99,4.56,IS,2021-01-17 23:11:09
508,Sur,22.5667,59.5289,67.21,58,2,4.45,OM,2021-01-17 23:11:09
509,Bathsheba,13.2167,-59.5167,78.8,73,20,18.41,BB,2021-01-17 23:11:09
510,Gravdal,68.1214,13.5031,30.2,93,75,3.44,NO,2021-01-17 23:11:10
511,Tigil,57.8,158.6667,19.51,93,100,15.39,RU,2021-01-17 23:11:10
512,Steinbach,50.1667,8.5667,37.0,93,75,3.44,DE,2021-01-17 23:11:10
513,Kholtoson,50.2981,103.3097,-0.56,86,100,2.57,RU,2021-01-17 23:11:10
514,Panguna,-6.3164,155.4848,78.58,77,79,5.12,PG,2021-01-17 23:11:10
515,Aksu,41.1231,80.2644,10.76,87,0,2.15,CN,2021-01-17 23:07:10
516,Maracacume,-2.0428,-45.9592,74.55,94,77,3.96,BR,2021-01-17 23:11:10
517,Petrovskaya,45.4314,37.955,24.8,80,100,13.42,RU,2021-01-17 23:11:10
518,Nauta,-4.5061,-73.5757,81.16,78,91,1.99,PE,2021-01-17 23:11:10
519,Berdigestyakh,62.0989,126.6992,-47.18,76,99,3.53,RU,2021-01-17 23:11:11
520,Tubmanburg,6.8708,-10.8172,73.87,93,0,2.17,LR,2021-01-17 23:11:11
521,Kuching,1.55,110.3333,77.0,94,40,4.61,MY,2021-01-17 23:11:11
522,Dolzhanskaya,46.6311,37.8039,17.01,53,100,8.01,RU,2021-01-17 23:11:11
523,Quepos,9.4236,-84.1652,75.2,56,20,14.97,CR,2021-01-17 23:09:26
524,Maarianhamina,60.0973,19.9348,28.4,74,90,2.3,AX,2021-01-17 23:11:11
525,Novoagansk,61.9449,76.6625,-11.99,89,97,7.81,RU,2021-01-17 23:11:11
526,Coffs Harbour,-30.3,153.1333,77.0,69,40,6.91,AU,2021-01-17 23:07:08
527,Walvis Bay,-22.9575,14.5053,68.0,88,56,2.3,NA,2021-01-17 23:11:11
528,Ballina,-28.8667,153.5667,80.6,69,75,10.36,AU,2021-01-17 23:07:32
529,Waipawa,-41.4122,175.5153,66.2,48,1,24.16,NZ,2021-01-17 23:11:12
530,Santa Isabel Do Rio Negro,-0.4139,-65.0192,77.23,87,8,0.11,BR,2021-01-17 23:11:12
531,Muisne,0.6,-80.0333,80.6,83,75,6.91,EC,2021-01-17 23:11:12
532,Ichinohe,40.2069,141.3017,20.26,92,31,5.5,JP,2021-01-17 23:11:12
533,Pochutla,15.7432,-96.4661,82.4,69,40,8.05,MX,2021-01-17 23:11:12
534,Byron Bay,-28.65,153.6167,80.6,69,75,10.36,AU,2021-01-17 23:10:43
535,Hailar,49.2,119.7,-25.83,82,0,7.4,CN,2021-01-17 23:11:13
536,Castlegar,49.2998,-117.6689,37.4,81,69,6.91,CA,2021-01-17 23:11:13
537,Bairnsdale,-37.8333,147.6167,70.0,57,12,4.0,AU,2021-01-17 23:11:13
538,Baghdad,33.3406,44.4009,51.8,71,0,4.61,IQ,2021-01-17 23:11:13
539,College,64.8569,-147.8028,3.2,78,75,2.28,US,2021-01-17 23:11:13
540,Karasburg,-28.0167,18.75,73.33,34,0,9.57,NA,2021-01-17 23:11:13
541,Longhua,23.6137,114.1919,41.22,62,99,2.98,CN,2021-01-17 23:11:13
542,Rundu,-17.9333,19.7667,67.51,91,100,4.81,NA,2021-01-17 23:11:13
543,Prainha,-1.8,-53.48,81.07,65,60,1.43,BR,2021-01-17 23:11:13
544,Pierre,44.3683,-100.351,35.6,51,1,4.61,US,2021-01-17 23:11:14
545,Dali,25.7,100.1833,36.45,87,99,4.76,CN,2021-01-17 23:11:14
546,Chuka,-0.3332,37.6459,59.81,79,90,5.03,KE,2021-01-17 23:11:14
547,Eugene,44.0521,-123.0867,54.0,76,75,13.8,US,2021-01-17 23:11:14
548,Jimma,7.6667,36.8333,64.31,58,65,1.05,ET,2021-01-17 23:11:14
549,Gobabis,-22.45,18.9667,72.82,34,80,9.66,NA,2021-01-17 23:11:15
550,Pacific Grove,36.6177,-121.9166,80.6,49,1,5.75,US,2021-01-17 23:10:40
551,Lively,46.4334,-81.1498,15.01,79,75,9.22,CA,2021-01-17 23:11:15
552,Alexandria,31.2156,29.9553,57.2,72,40,14.97,EG,2021-01-17 23:09:38
553,Darnah,32.767,22.6367,52.66,66,63,13.53,LY,2021-01-17 23:11:15
554,The Pas,53.8251,-101.2541,-2.2,78,90,4.61,CA,2021-01-17 23:11:15
555,Boyuibe,-20.4167,-63.2833,68.0,68,90,4.61,BO,2021-01-17 23:11:15
556,Belmonte,-15.8631,-38.8828,78.8,73,20,9.22,BR,2021-01-17 23:11:15
557,Cheremukhovo,60.3484,59.9851,-9.85,87,0,4.9,RU,2021-01-17 23:11:15
558,Karratha,-20.7377,116.8463,92.39,38,40,7.9,AU,2021-01-17 23:11:16
559,Banda Aceh,5.5577,95.3222,77.94,84,86,15.05,ID,2021-01-17 23:11:16
560,Terra Santa,-2.1042,-56.4869,81.05,67,63,1.66,BR,2021-01-17 23:11:16
561,Odienne,9.51,-7.5692,70.07,22,0,4.0,CI,2021-01-17 23:11:16
562,Marand,38.4329,45.7749,37.4,65,40,8.03,IR,2021-01-17 23:11:16
563,Tyubuk,56.0552,60.9405,-1.16,89,1,11.79,RU,2021-01-17 23:11:16
564,Maumere,-8.6199,122.2111,79.95,80,99,6.08,ID,2021-01-17 23:11:16
565,Kibre Mengist,5.8833,38.9833,55.58,72,47,3.83,ET,2021-01-17 23:11:16
566,Chara,56.9064,118.2631,-41.66,63,2,0.43,RU,2021-01-17 23:11:16
567,Anchorage,61.2181,-149.9003,34.0,80,90,2.53,US,2021-01-17 23:09:25
568,Agua Verde,22.9,-106.05,77.0,47,1,11.5,MX,2021-01-17 23:11:17
569,Casper,42.8666,-106.3131,37.4,56,40,14.97,US,2021-01-17 23:07:26
570,Acapulco,16.8634,-99.8901,84.2,65,40,8.05,MX,2021-01-17 23:11:17
571,Ambulu,-8.345,113.6058,76.68,82,95,2.21,ID,2021-01-17 23:11:17
572,Tres Arroyos,-38.3739,-60.2798,60.93,75,0,7.27,AR,2021-01-17 23:11:17
573,Tutoia,-2.7619,-42.2744,78.55,87,100,9.22,BR,2021-01-17 23:11:17
574,Sinjar,36.3209,41.8754,47.7,83,100,9.28,IQ,2021-01-17 23:11:17
575,Norman Wells,65.282,-126.8329,-9.4,77,90,2.3,CA,2021-01-17 23:11:17
576,Tabou,4.423,-7.3528,78.78,83,1,6.76,CI,2021-01-17 23:11:18
577,Khilok,51.3674,110.4676,-18.89,84,71,3.49,RU,2021-01-17 23:11:18
578,Great Yarmouth,52.6083,1.7305,37.4,87,57,8.05,GB,2021-01-17 23:11:18
579,Pathein,16.7833,94.7333,64.02,82,0,4.36,MM,2021-01-17 23:11:18
580,Raudeberg,61.9875,5.1352,39.0,87,93,19.62,NO,2021-01-17 23:11:18
581,Manzanillo,20.3433,-77.1167,77.27,72,100,4.85,CU,2021-01-17 23:11:18
582,El Retorno,2.3302,-72.6276,79.52,70,47,3.18,CO,2021-01-17 23:11:18
583,Paredon,16.0333,-93.8667,82.87,54,51,5.39,MX,2021-01-17 23:11:19
584,Englehart,47.8169,-79.8664,12.2,85,90,16.11,CA,2021-01-17 23:11:19
585,Bambanglipuro,-7.95,110.2833,76.05,83,100,3.02,ID,2021-01-17 23:11:19
586,Acajutla,13.5928,-89.8275,86.0,39,40,4.61,SV,2021-01-17 23:11:19
587,Santarem,-2.4431,-54.7083,78.8,89,0,4.61,BR,2021-01-17 23:11:19
588,Chernyshevskiy,63.0128,112.4714,-40.63,82,100,3.87,RU,2021-01-17 23:11:19
589,Fort Nelson,58.8053,-122.7002,24.8,74,75,5.75,CA,2021-01-17 23:11:19
590,Indian Head,38.6001,-77.1622,44.6,49,90,4.61,US,2021-01-17 23:11:20
591,Barranca,-10.75,-77.7667,70.34,83,23,8.28,PE,2021-01-17 23:11:20
592,San Buenaventura,27.0833,-101.5333,72.0,22,1,6.46,MX,2021-01-17 23:11:20
593,Northam,51.0333,-4.2167,44.01,87,100,4.0,GB,2021-01-17 23:11:20
594,Neyshabur,36.2133,58.7958,43.52,55,82,4.12,IR,2021-01-17 23:11:20
595,Cam Ranh,11.9214,109.1591,73.4,64,40,25.32,VN,2021-01-17 23:11:20
596,Mount Vernon,40.9126,-73.8371,44.01,49,90,3.44,US,2021-01-17 23:11:20
597,Grootfontein,-19.5667,18.1167,68.0,88,100,4.61,NA,2021-01-17 23:11:21
598,Lasa,46.6166,10.7002,30.0,74,75,6.91,IT,2021-01-17 23:11:21
599,Mirador,-6.3708,-44.3631,74.98,87,45,0.96,BR,2021-01-17 23:11:21
600,Pleasantville,39.3898,-74.524,44.6,53,90,8.05,US,2021-01-17 23:11:21
601,Dryden,49.7833,-92.7503,15.8,92,90,4.61,CA,2021-01-17 23:11:21
602,Alta Floresta,-9.8756,-56.0861,78.8,89,75,1.14,BR,2021-01-17 23:11:22
603,Helena,46.5927,-112.0361,42.8,42,1,25.32,US,2021-01-17 23:10:50
604,Port Hardy,50.6996,-127.4199,46.4,93,75,2.3,CA,2021-01-17 23:11:22
605,Gorlev,55.5393,11.2271,28.0,86,90,4.61,DK,2021-01-17 23:11:22
606,Iwanai,42.9744,140.5089,21.09,90,99,12.62,JP,2021-01-17 23:11:22
607,Huangmei,30.1924,116.025,35.35,72,0,4.16,CN,2021-01-17 23:11:22
608,Tete,-16.1564,33.5867,77.0,100,75,2.3,MZ,2021-01-17 23:11:22
609,Timberlake,37.3207,-79.2575,42.8,52,75,4.25,US,2021-01-17 23:08:39
610,Chervone,49.9564,28.8645,7.48,95,95,4.72,UA,2021-01-17 23:11:22
611,Marzuq,14.4,46.4667,58.91,50,59,1.9,YE,2021-01-17 23:11:22
612,Tibu,8.639,-72.7358,77.49,78,43,0.54,CO,2021-01-17 23:08:20
613,Kamenskiy,50.8855,45.488,-0.72,92,100,6.55,RU,2021-01-17 23:11:23
614,Khandyga,62.6667,135.6,-53.21,77,74,1.59,RU,2021-01-17 23:11:23
615,Morondava,-20.2833,44.2833,82.47,78,2,5.28,MG,2021-01-17 23:07:13
616,Ust-Tsilma,65.441,52.1498,-17.07,88,85,3.58,RU,2021-01-17 23:11:23
617,Puerto Carreno,6.189,-67.4859,84.16,53,70,13.02,CO,2021-01-17 23:11:23
618,Rio Gallegos,-51.6226,-69.2181,71.6,43,20,20.71,AR,2021-01-17 23:11:23
619,Bay Roberts,47.5999,-53.2648,39.99,97,100,15.7,CA,2021-01-17 23:11:23
620,Quatre Cocos,-20.2078,57.7625,80.01,83,40,11.5,MU,2021-01-17 23:11:24
621,Natal,-5.795,-35.2094,78.8,78,20,6.91,BR,2021-01-17 23:11:24
622,Tiarei,-17.5333,-149.3333,87.8,51,40,9.22,PF,2021-01-17 23:11:24
623,Kozhva,65.1073,57.0459,-25.56,86,88,3.47,RU,2021-01-17 23:11:24
624,Nabire,-3.3667,135.4833,77.4,87,100,2.71,ID,2021-01-17 23:08:01
625,Umm Lajj,25.0213,37.2685,66.4,52,0,10.33,SA,2021-01-17 23:11:24
626,Nuevo Progreso,23.1667,-97.95,71.01,56,86,4.0,MX,2021-01-17 23:11:24
627,Karachi,24.9056,67.0822,55.4,88,0,6.91,PK,2021-01-17 23:11:25
628,Suixi,33.8907,116.7747,30.25,83,0,6.69,CN,2021-01-17 23:11:25
629,Virginia Beach,36.8529,-75.978,46.0,57,76,1.01,US,2021-01-17 23:08:09
630,Kroya,-7.6331,109.2461,76.5,83,93,3.11,ID,2021-01-17 23:11:25
631,Henties Bay,-22.116,14.2845,68.0,86,61,4.88,NA,2021-01-17 23:11:25
632,Atkarsk,51.8718,45.0078,-5.08,89,100,5.19,RU,2021-01-17 23:08:00
633,High Level,58.5169,-117.136,10.4,92,75,4.61,CA,2021-01-17 23:08:07
634,Mutis,6.2262,-77.4044,78.57,80,80,3.89,CO,2021-01-17 23:11:25
635,Sao Joao Da Barra,-21.6403,-41.0511,75.92,84,0,14.5,BR,2021-01-17 23:11:25
636,Pontes E Lacerda,-15.2261,-59.3353,74.57,92,100,5.12,BR,2021-01-17 23:11:26
637,Dharchula,29.85,80.5333,48.24,44,0,4.99,IN,2021-01-17 23:11:26
638,Tangshan,39.6333,118.1833,18.52,70,0,4.12,CN,2021-01-17 23:11:26
639,Zhigansk,66.7697,123.3711,-47.87,77,73,4.88,RU,2021-01-17 23:11:26
640,Saint Anthony,45.0205,-93.218,21.99,86,90,3.44,US,2021-01-17 23:11:26
641,Taltal,-25.4,-70.4833,68.14,66,18,5.03,CL,2021-01-17 23:11:27
642,Paka,4.6374,103.4368,77.0,78,80,4.61,MY,2021-01-17 23:11:27
643,Aykhal,66.0,111.5,-34.1,81,94,2.57,RU,2021-01-17 23:11:27
644,Pilar,-9.5972,-35.9567,75.2,88,0,5.75,BR,2021-01-17 23:11:27
645,Tabas,33.5959,56.9244,46.4,29,27,4.61,IR,2021-01-17 23:11:27
646,Ixtapa,20.7,-105.2,71.6,78,1,4.61,MX,2021-01-17 23:11:27
647,Dovolnoye,54.4958,79.6671,18.23,96,100,18.23,RU,2021-01-17 23:11:27
648,Vitali,7.3711,122.2886,77.0,94,90,11.5,PH,2021-01-17 23:11:27
649,Caronport,50.4501,-105.8179,30.2,80,100,8.05,CA,2021-01-17 23:11:28
650,Kiunga,-6.1219,141.2906,73.13,98,100,1.12,PG,2021-01-17 23:11:28
651,Tromso,69.6496,18.957,32.0,93,75,12.66,NO,2021-01-17 23:11:28
652,Silifke,36.3778,33.9344,46.83,53,0,17.29,TR,2021-01-17 23:11:28
653,Luganville,-15.5333,167.1667,86.11,69,52,8.19,VU,2021-01-17 23:11:28
654,Vryburg,-26.9566,24.7284,71.53,28,1,4.32,ZA,2021-01-17 23:11:28
655,Kokopo,-4.352,152.2633,82.62,69,56,1.01,PG,2021-01-17 23:11:28
656,San Lawrenz,36.0553,14.204,57.0,76,40,28.77,MT,2021-01-17 23:11:28
657,Moron,-34.6534,-58.6198,75.99,46,0,3.0,AR,2021-01-17 23:11:29
658,Goure,13.9835,10.2704,73.99,18,0,10.0,NE,2021-01-17 23:11:29
659,Tomatlan,19.9333,-105.25,81.41,45,0,4.72,MX,2021-01-17 23:11:29
660,Honningsvag,70.9821,25.9704,34.47,96,100,15.79,NO,2021-01-17 23:11:29
661,Grindavik,63.8424,-22.4338,33.8,93,90,19.57,IS,2021-01-17 23:11:29
662,Trincomalee,8.5711,81.2335,78.37,84,48,17.2,LK,2021-01-17 23:11:29
663,Pimentel,-6.8367,-79.9342,73.4,68,0,24.16,PE,2021-01-17 23:11:29
664,Tari,12.4086,4.4914,74.75,18,100,10.18,NG,2021-01-17 23:11:29
665,Xichang,27.8964,102.2634,37.0,56,2,0.81,CN,2021-01-17 23:11:29
666,Faya,18.3851,42.4509,55.4,87,0,6.91,SA,2021-01-17 23:11:29
667,Paamiut,61.994,-49.6678,27.86,93,100,8.9,GL,2021-01-17 23:08:17
668,Ustye,59.6304,39.736,-0.53,93,95,5.21,RU,2021-01-17 23:11:30
669,Yushan,31.3776,120.9543,39.0,80,0,2.24,CN,2021-01-17 23:11:30
670,Kashiwazaki,37.3667,138.55,30.99,92,70,11.83,JP,2021-01-17 23:11:30
671,Bulgan,48.8125,103.5347,6.82,83,96,1.03,MN,2021-01-17 23:11:30
672,Novyy Svit,47.8059,38.0211,14.23,96,100,11.77,UA,2021-01-17 23:11:30
673,Weifang,36.71,119.1019,25.56,72,0,7.81,CN,2021-01-17 23:11:30
674,Karanja,20.4833,77.4833,66.43,43,0,4.81,IN,2021-01-17 23:11:31
675,Salta,-24.7859,-65.4117,68.0,73,0,6.91,AR,2021-01-17 23:09:52
676,Oskemen,49.9565,82.6119,-4.0,84,40,2.24,KZ,2021-01-17 23:11:31
677,Port-Gentil,-0.7193,8.7815,80.6,89,75,2.3,GA,2021-01-17 23:11:31
678,Villa Carlos Paz,-31.4241,-64.4978,80.01,46,0,1.01,AR,2021-01-17 23:11:31
679,Khani,41.9563,42.9566,42.8,100,90,10.36,GE,2021-01-17 23:11:31
680,Pangai,-19.8,-174.35,86.0,79,20,6.91,TO,2021-01-17 23:11:31
681,Kalmunai,7.4167,81.8167,76.57,86,68,5.57,LK,2021-01-17 23:11:31
682,Keratea,37.8073,23.9769,39.0,86,20,3.44,GR,2021-01-17 23:11:31
683,Rock Sound,24.9,-76.2,72.55,62,100,6.89,BS,2021-01-17 23:09:27
684,Wyndham,37.6985,-77.6125,46.0,53,90,3.44,US,2021-01-17 23:10:09
685,Guapiacu,-20.795,-49.2203,72.32,92,100,3.62,BR,2021-01-17 23:11:32
686,Vardo,70.3705,31.1107,33.8,86,20,25.32,NO,2021-01-17 23:11:32
687,Ballitoville,-29.539,31.2144,69.8,94,90,4.61,ZA,2021-01-17 23:11:08
688,Pavlivka,49.4414,28.4596,9.18,94,95,5.57,UA,2021-01-17 23:11:32
689,Elban,50.1018,136.5094,-11.31,89,99,3.27,RU,2021-01-17 23:11:32
690,Arkhangelskoye,55.8549,35.3287,-10.73,91,0,2.26,RU,2021-01-17 23:11:32
691,Kashan,33.9831,51.4364,45.75,59,55,2.39,IR,2021-01-17 23:11:33
692,Nevel,56.0209,29.9284,0.55,93,48,3.0,RU,2021-01-17 23:11:33
693,Muli,2.9167,73.5667,81.34,71,1,8.19,MV,2021-01-17 23:11:33
694,Nortelandia,-14.4547,-56.8028,73.29,90,98,2.55,BR,2021-01-17 23:11:33
695,Mankachar,25.5333,89.8667,60.64,67,0,4.56,IN,2021-01-17 23:11:33
696,Nizhniy Tsasuchey,50.5167,115.1333,-17.95,76,0,4.56,RU,2021-01-17 23:11:33
697,Lubyany,56.0378,51.4,-5.8,77,40,4.47,RU,2021-01-17 23:11:33
698,Dovbysh,50.3733,27.9874,4.77,94,100,6.58,UA,2021-01-17 23:11:33
699,Merauke,-8.4667,140.3333,79.23,88,100,10.18,ID,2021-01-17 23:11:34
700,Lata,40.1629,-8.3327,48.99,93,20,3.44,PT,2021-01-17 23:11:34
701,Itamaraca,-7.7478,-34.8256,78.8,65,20,10.36,BR,2021-01-17 23:11:34
702,Lewistown,40.5992,-77.5714,37.4,87,90,6.91,US,2021-01-17 23:11:34
703,Effingham,32.3669,-81.3332,51.8,43,75,5.75,US,2021-01-17 23:11:34
704,Mareeba,-17.0,145.4333,77.0,86,100,5.99,AU,2021-01-17 23:07:48
