City_ID,City,Country,Date,Lat,Lng,Max Temp,Humidity,Cloudiness,Wind Speed
0,Nikolskoye,RU,2021-01-13 23:28:17,59.7035,30.7861,6.8,78,99,11.18
1,Port Lincoln,AU,2021-01-13 23:28:17,-34.7333,135.8667,61.57,66,53,10.27
2,Puerto Escondido,MX,2021-01-13 23:23:24,15.85,-97.0667,77.0,78,40,5.75
3,Gushikawa,JP,2021-01-13 23:28:17,26.3544,127.8686,60.8,82,90,4.61
4,Jamestown,US,2021-01-13 23:27:21,42.097,-79.2353,36.0,75,1,10.36
5,Upernavik,GL,2021-01-13 23:28:17,72.7868,-56.1549,10.35,96,100,17.76
6,Juneau,US,2021-01-13 23:27:51,58.3019,-134.4197,39.2,81,90,5.75
7,Tura,IN,2021-01-13 23:28:18,25.5198,90.2201,52.63,47,0,2.82
8,Vaini,TO,2021-01-13 23:28:18,-21.2,-175.2,86.0,74,75,10.36
9,East London,ZA,2021-01-13 23:28:18,-33.0153,27.9116,72.88,91,100,14.97
10,Punta Arenas,CL,2021-01-13 23:23:50,-53.15,-70.9167,53.6,76,90,17.27
11,Korla,CN,2021-01-13 23:28:19,41.7597,86.1469,19.58,81,29,9.71
12,College,US,2021-01-13 23:28:19,64.8569,-147.8028,-2.2,77,40,2.66
13,Plaridel,PH,2021-01-13 23:28:19,14.8872,120.8572,75.2,83,20,3.44
14,Mataura,NZ,2021-01-13 23:28:19,-46.1927,168.8643,74.32,48,0,3.06
15,Voh,NC,2021-01-13 23:28:19,-20.9667,164.7,79.36,86,100,3.4
16,Kapaa,US,2021-01-13 23:28:19,22.0752,-159.319,80.6,61,1,10.36
17,New Norfolk,AU,2021-01-13 23:28:20,-42.7826,147.0587,68.0,59,4,4.0
18,Bredasdorp,ZA,2021-01-13 23:28:20,-34.5322,20.0403,69.8,83,98,11.5
19,Iqaluit,CA,2021-01-13 23:28:20,63.7506,-68.5145,-13.0,70,20,8.05
20,Tasiilaq,GL,2021-01-13 23:28:20,65.6145,-37.6368,32.0,86,90,32.21
21,Lagoa,PT,2021-01-13 23:28:21,39.05,-27.9833,60.01,88,80,13.15
22,Kontagora,NG,2021-01-13 23:28:21,10.3999,5.4695,72.28,19,0,6.15
23,Staraya Kulatka,RU,2021-01-13 23:28:21,52.7167,47.6167,10.92,95,100,17.69
24,Kruisfontein,ZA,2021-01-13 23:28:21,-34.0033,24.7314,71.01,88,97,3.0
25,Lebu,CL,2021-01-13 23:28:21,-37.6167,-73.65,57.36,75,0,14.67
26,Coahuayana,MX,2021-01-13 23:28:21,18.7333,-103.6833,77.0,53,40,2.73
27,Albany,US,2021-01-13 23:23:33,42.6001,-73.9662,35.01,67,99,2.62
28,Port Alfred,ZA,2021-01-13 23:28:22,-33.5906,26.891,66.99,97,100,19.22
29,Marzuq,YE,2021-01-13 23:28:22,14.4,46.4667,53.01,43,0,2.33
30,Chuy,UY,2021-01-13 23:28:22,-33.6971,-53.4616,63.9,60,0,9.78
31,Sarangani,PH,2021-01-13 23:28:22,5.4033,125.4636,82.51,75,73,5.01
32,Egvekinot,RU,2021-01-13 23:28:22,66.3167,-179.1667,-13.43,88,84,11.88
33,Tsiroanomandidy,MG,2021-01-13 23:28:22,-18.7667,46.0333,69.62,91,89,3.4
34,Cape Town,ZA,2021-01-13 23:26:29,-33.9258,18.4232,72.0,73,0,12.66
35,Nanortalik,GL,2021-01-13 23:28:23,60.1432,-45.2371,29.75,94,100,13.47
36,Petropavlovsk-Kamchatskiy,RU,2021-01-13 23:25:25,53.0452,158.6483,-2.2,55,0,6.71
37,Lavrentiya,RU,2021-01-13 23:28:23,65.5833,-171.0,-2.78,89,100,3.0
38,Awjilah,LY,2021-01-13 23:28:23,29.1081,21.2869,53.69,61,56,14.72
39,Rikitea,PF,2021-01-13 23:28:23,-23.1203,-134.9692,78.15,75,45,12.48
40,Camana,PE,2021-01-13 23:28:23,-16.6228,-72.7111,72.0,69,73,6.11
41,Souillac,MU,2021-01-13 23:28:24,-20.5167,57.5167,77.0,94,75,5.75
42,Butaritari,KI,2021-01-13 23:28:24,3.0707,172.7902,81.46,77,93,20.45
43,Dryden,CA,2021-01-13 23:28:24,49.7833,-92.7503,23.0,93,1,5.75
44,Caceres,ES,2021-01-13 23:28:24,39.522,-6.3748,34.0,86,0,1.45
45,Pevek,RU,2021-01-13 23:28:24,69.7008,170.3133,-20.4,89,93,5.26
46,Barrow,US,2021-01-13 23:28:24,71.2906,-156.7887,-5.8,77,1,20.71
47,Caravelas,BR,2021-01-13 23:28:25,-17.7125,-39.2481,75.61,82,0,4.18
48,Tiksi,RU,2021-01-13 23:28:25,71.6872,128.8694,-31.74,81,57,2.82
49,Saint-Philippe,RE,2021-01-13 23:28:25,-21.3585,55.7679,80.6,83,90,6.91
50,Arumbavur,IN,2021-01-13 23:28:25,11.3833,78.7333,73.4,94,40,6.91
51,Coro,VE,2021-01-13 23:28:25,11.4045,-69.6734,76.03,71,100,16.04
52,Moerai,PF,2021-01-13 23:28:25,-22.4333,-151.3333,79.72,79,60,15.66
53,Tigil,RU,2021-01-13 23:28:26,57.8,158.6667,-7.67,88,5,6.15
54,Ribeira Grande,PT,2021-01-13 23:28:26,38.5167,-28.7,61.56,83,96,16.02
55,Puerto Ayora,EC,2021-01-13 23:28:26,-0.7393,-90.3518,87.8,55,75,18.41
56,Portales,US,2021-01-13 23:28:26,34.1862,-103.3344,62.6,27,1,9.22
57,Norrtalje,SE,2021-01-13 23:26:59,59.758,18.705,30.99,93,90,16.11
58,Atuona,PF,2021-01-13 23:28:27,-9.8,-139.0333,77.9,76,60,14.05
59,Show Low,US,2021-01-13 23:27:06,34.2542,-110.0298,48.2,13,1,6.91
60,Ciudad Del Maiz,MX,2021-01-13 23:28:27,22.4,-99.6,63.0,43,100,5.01
61,Mmathubudukwane,BW,2021-01-13 23:28:27,-24.6,26.4333,69.8,88,75,17.27
62,Mogadishu,SO,2021-01-13 23:23:33,2.0371,45.3438,76.15,84,57,20.18
63,Livingstonia,MW,2021-01-13 23:28:27,-10.606,34.1063,64.89,86,100,3.8
64,Fortuna,US,2021-01-13 23:28:28,40.5982,-124.1573,60.01,94,90,4.61
65,Rawson,AR,2021-01-13 23:28:28,-43.3002,-65.1023,70.2,41,76,30.44
66,Sovetskaya,RU,2021-01-13 23:28:28,44.7769,41.1722,43.63,96,100,7.27
67,Yar-Sale,RU,2021-01-13 23:28:28,66.8333,70.8333,3.83,89,99,16.44
68,Tuktoyaktuk,CA,2021-01-13 23:28:28,69.4541,-133.0374,-18.4,76,75,4.76
69,Pocone,BR,2021-01-13 23:28:29,-16.2567,-56.6228,80.02,77,90,4.59
70,San Patricio,US,2021-01-13 23:28:29,28.017,-97.5169,55.4,67,75,6.91
71,Saint-Donat-De-Montcalm,CA,2021-01-13 23:28:29,46.3187,-74.2219,30.99,100,99,4.61
72,Constitucion,CL,2021-01-13 23:27:31,-35.3333,-72.4167,61.95,56,0,15.9
73,Erice,IT,2021-01-13 23:28:29,38.037,12.5865,57.99,88,40,14.97
74,Bend,US,2021-01-13 23:26:47,44.0582,-121.3153,45.0,39,55,1.88
75,Cherskiy,RU,2021-01-13 23:28:30,68.75,161.3,-18.49,88,100,6.46
76,Makakilo City,US,2021-01-13 23:28:30,21.3469,-158.0858,82.4,61,20,13.8
77,Khatanga,RU,2021-01-13 23:28:30,71.9667,102.5,-30.26,84,100,13.69
78,Hobart,AU,2021-01-13 23:28:30,-42.8794,147.3294,68.0,45,75,8.05
79,Thinadhoo,MV,2021-01-13 23:28:30,0.5333,72.9333,81.9,73,88,19.17
80,Severnoye,RU,2021-01-13 23:28:31,56.3491,78.3619,-13.0,90,94,7.2
81,Hobyo,SO,2021-01-13 23:28:31,5.3505,48.5268,75.43,79,18,21.83
82,Ambilobe,MG,2021-01-13 23:28:31,-13.2,49.05,75.42,94,42,1.95
83,Thompson,CA,2021-01-13 23:26:26,55.7435,-97.8558,28.4,100,90,6.91
84,Chokurdakh,RU,2021-01-13 23:28:31,70.6333,147.9167,-32.48,84,59,5.32
85,Te Anau,NZ,2021-01-13 23:28:32,-45.4167,167.7167,70.63,53,24,4.54
86,Waseca,US,2021-01-13 23:28:32,44.0777,-93.5074,37.4,93,1,6.91
87,Yellowknife,CA,2021-01-13 23:28:32,62.456,-114.3525,16.0,92,75,12.66
88,Kieta,PG,2021-01-13 23:28:32,-6.2167,155.6333,83.79,69,92,7.45
89,Saldanha,ZA,2021-01-13 23:28:32,-33.0117,17.9442,75.2,60,0,3.44
90,Bambous Virieux,MU,2021-01-13 23:28:32,-20.3428,57.7575,77.0,94,75,5.75
91,Bairnsdale,AU,2021-01-13 23:23:43,-37.8333,147.6167,68.0,63,17,1.99
92,Poum,NC,2021-01-13 23:28:33,-20.2333,164.0167,81.9,81,100,16.84
93,Chokwe,MZ,2021-01-13 23:28:33,-24.5333,32.9833,75.13,91,3,4.03
94,Torbay,CA,2021-01-13 23:28:33,47.6666,-52.7314,28.99,93,90,4.76
95,Trairi,BR,2021-01-13 23:28:33,-3.2778,-39.2689,78.64,79,65,9.71
96,Bluff,NZ,2021-01-13 23:28:34,-46.6,168.3333,59.7,83,19,6.29
97,Honiara,SB,2021-01-13 23:25:14,-9.4333,159.95,84.79,67,86,7.38
98,Luderitz,NA,2021-01-13 23:28:34,-26.6481,15.1594,65.12,87,19,6.6
99,Sobolevo,RU,2021-01-13 23:28:34,54.4299,31.8996,15.62,97,100,12.77
100,Mar Del Plata,AR,2021-01-13 23:28:34,-38.0023,-57.5575,64.0,67,0,13.8
101,Provideniya,RU,2021-01-13 23:28:35,64.3833,-173.3,5.0,72,90,8.95
102,Katsuura,JP,2021-01-13 23:28:35,35.1333,140.3,42.8,61,20,3.44
103,Sur,OM,2021-01-13 23:28:35,22.5667,59.5289,64.67,56,0,3.44
104,Tongchuan,CN,2021-01-13 23:28:35,35.0806,109.0897,37.04,60,8,2.13
105,Ushuaia,AR,2021-01-13 23:28:35,-54.8,-68.3,57.2,54,75,5.93
106,Lethem,GY,2021-01-13 23:28:36,3.3803,-59.7968,80.29,69,73,13.02
107,Bhaderwah,IN,2021-01-13 23:28:36,32.9784,75.7186,40.59,50,0,3.13
108,Ancud,CL,2021-01-13 23:28:36,-41.8697,-73.8203,63.0,59,0,5.75
109,Zhigansk,RU,2021-01-13 23:28:36,66.7697,123.3711,-39.89,80,100,11.81
110,Eydhafushi,MV,2021-01-13 23:28:36,5.1033,73.0708,79.68,75,93,0.31
111,Esperance,AU,2021-01-13 23:28:37,-33.8667,121.9,59.0,63,90,6.91
112,Sitka,US,2021-01-13 23:28:37,57.0531,-135.33,37.4,87,75,9.22
113,Bonavista,CA,2021-01-13 23:28:37,48.6499,-53.1147,28.99,86,68,3.44
114,Rio Gallegos,AR,2021-01-13 23:28:37,-51.6226,-69.2181,69.8,28,0,3.44
115,Svetlyy,RU,2021-01-13 23:28:37,54.675,20.1347,30.99,100,90,4.47
116,Villa Juarez,MX,2021-01-13 23:28:37,24.6536,-107.5411,82.4,20,40,5.75
117,Cidreira,BR,2021-01-13 23:28:37,-30.1811,-50.2056,71.01,74,21,14.07
118,Itupiranga,BR,2021-01-13 23:28:37,-5.1347,-49.3267,75.54,92,45,1.3
119,Kavaratti,IN,2021-01-13 23:28:38,10.5669,72.642,78.51,77,98,7.83
120,Mezen,RU,2021-01-13 23:28:38,65.8522,44.24,-13.61,88,97,5.75
121,Inhambane,MZ,2021-01-13 23:28:38,-23.865,35.3833,77.94,87,0,5.23
122,Korcula,HR,2021-01-13 23:28:39,42.9622,17.1369,33.8,55,20,5.75
123,Constantine,DZ,2021-01-13 23:28:17,36.365,6.6147,41.0,87,75,1.14
124,Ostrovnoy,RU,2021-01-13 23:28:39,68.0531,39.5131,4.19,93,66,22.82
125,Kashira,RU,2021-01-13 23:28:39,54.8444,38.1669,10.4,79,90,13.42
126,Smithers,CA,2021-01-13 23:26:03,54.7804,-127.1743,30.2,64,40,2.3
127,Codrington,AU,2021-01-13 23:28:39,-38.2667,141.9667,63.23,65,6,7.45
128,Tautira,PF,2021-01-13 23:28:39,-17.7333,-149.15,86.0,66,40,6.91
129,San Cristobal,VE,2021-01-13 23:28:40,7.7669,-72.225,80.6,69,20,5.75
130,Grindavik,IS,2021-01-13 23:28:40,63.8424,-22.4338,39.2,93,75,14.97
131,Karagay,RU,2021-01-13 23:28:40,58.2667,54.9368,-16.26,88,16,3.96
132,Fare,PF,2021-01-13 23:28:40,-16.7,-151.0167,81.5,75,88,15.93
133,Georgetown,MY,2021-01-13 23:28:40,5.4112,100.3354,78.01,88,20,3.44
134,Christchurch,NZ,2021-01-13 23:28:26,-43.5333,172.6333,75.99,77,90,10.36
135,Grand Island,US,2021-01-13 23:24:16,40.925,-98.342,55.4,50,1,8.05
136,Busselton,AU,2021-01-13 23:28:41,-33.65,115.3333,61.0,64,99,1.01
137,Deep River,CA,2021-01-13 23:28:41,46.1001,-77.4995,33.01,93,90,3.44
138,Fairbanks,US,2021-01-13 23:28:27,64.8378,-147.7164,-2.2,78,40,2.51
139,Kodiak,US,2021-01-13 23:23:57,57.79,-152.4072,35.6,87,40,4.61
140,Udachnyy,RU,2021-01-13 23:28:42,66.4167,112.4,-27.71,82,100,12.24
141,Shimoda,JP,2021-01-13 23:28:42,34.6667,138.95,46.4,76,20,1.14
142,Bengkulu,ID,2021-01-13 23:28:42,-3.8004,102.2655,75.67,82,99,6.67
143,Russell,US,2021-01-13 23:28:42,32.3502,-85.1999,48.2,46,75,4.61
144,Pak Phanang,TH,2021-01-13 23:28:42,8.3511,100.202,73.4,94,20,3.44
145,Kavieng,PG,2021-01-13 23:28:42,-2.5744,150.7967,84.45,71,81,13.82
146,Cuiluan,CN,2021-01-13 23:28:43,47.72,128.648,-10.12,88,90,2.46
147,Yumen,CN,2021-01-13 23:28:43,40.2833,97.2,20.08,71,92,20.58
148,Guarapari,BR,2021-01-13 23:24:00,-20.6667,-40.4975,78.8,78,20,11.5
149,Visby,SE,2021-01-13 23:28:43,57.6409,18.296,34.0,100,90,9.22
150,Broome,US,2021-01-13 23:28:43,42.2506,-75.833,32.0,74,1,6.91
151,Laguna,US,2021-01-13 23:28:43,38.421,-121.4238,69.01,68,1,9.22
152,Kaitangata,NZ,2021-01-13 23:28:43,-46.2817,169.8464,68.0,74,54,8.01
153,Werda,BW,2021-01-13 23:28:44,-25.2667,23.2833,79.68,43,48,6.49
154,Kalmunai,LK,2021-01-13 23:28:44,7.4167,81.8167,74.8,89,100,4.68
155,Auki,SB,2021-01-13 23:28:44,-8.7676,160.7034,84.56,66,29,3.58
156,Ferme-Neuve,CA,2021-01-13 23:28:44,46.7001,-75.4493,30.2,86,99,6.91
157,Yadrin,RU,2021-01-13 23:28:44,55.9405,46.2062,-6.54,90,100,13.04
158,Da Nang,VN,2021-01-13 23:28:44,16.0678,108.2208,59.0,88,75,1.14
159,Victoria,HK,2021-01-13 23:28:00,22.2855,114.1577,55.0,54,0,7.83
160,Yonago,JP,2021-01-13 23:28:44,35.4333,133.3333,37.4,93,20,5.75
161,Clyde River,CA,2021-01-13 23:28:44,70.4692,-68.5914,-9.4,84,90,6.91
162,Isangel,VU,2021-01-13 23:28:45,-19.55,169.2667,86.0,79,75,9.28
163,Greenville,US,2021-01-13 23:28:45,35.6127,-77.3663,45.0,70,1,2.64
164,Ginda,IN,2021-01-13 23:28:45,30.6945,78.4932,44.58,38,10,5.12
165,Vao,NC,2021-01-13 23:28:45,-22.6667,167.4833,77.49,84,97,18.97
166,Mahebourg,MU,2021-01-13 23:28:45,-20.4081,57.7,77.0,94,75,5.75
167,Komsomolskiy,UZ,2021-01-13 23:28:46,40.4272,71.7189,30.2,64,63,0.34
168,Atambua,ID,2021-01-13 23:28:46,-9.1061,124.8925,78.08,82,100,2.71
169,Ankang,CN,2021-01-13 23:28:46,32.68,109.0172,37.06,74,49,1.72
170,Avarua,CK,2021-01-13 23:28:46,-21.2078,-159.775,86.0,70,20,20.71
171,Hermanus,ZA,2021-01-13 23:28:46,-34.4187,19.2345,70.0,84,42,8.01
172,Hilo,US,2021-01-13 23:26:23,19.7297,-155.09,84.2,51,20,8.05
173,Paamiut,GL,2021-01-13 23:28:46,61.994,-49.6678,24.44,96,100,11.43
174,Olafsvik,IS,2021-01-13 23:28:47,64.8945,-23.7142,41.23,82,86,13.62
175,Arraial Do Cabo,BR,2021-01-13 23:28:47,-22.9661,-42.0278,77.0,86,20,17.27
176,Leshan,CN,2021-01-13 23:28:47,29.5623,103.7639,39.67,79,0,0.38
177,Bar Harbor,US,2021-01-13 23:28:47,44.3876,-68.2039,35.01,60,90,6.64
178,Sena Madureira,BR,2021-01-13 23:28:47,-9.0656,-68.6569,81.64,70,90,1.16
179,Vila Velha,BR,2021-01-13 23:28:47,-20.3297,-40.2925,78.8,78,20,11.5
180,Polson,US,2021-01-13 23:28:48,47.6936,-114.1632,39.2,41,90,16.11
181,Jensen Beach,US,2021-01-13 23:28:48,27.2545,-80.2298,62.6,82,75,6.91
182,San Jose,US,2021-01-13 23:24:51,37.3394,-121.895,71.01,56,75,8.05
183,Longyearbyen,SJ,2021-01-13 23:28:48,78.2186,15.6401,17.6,79,75,5.75
184,Fagersta,SE,2021-01-13 23:28:48,60.0042,15.7932,21.0,94,99,3.0
185,Ponta Do Sol,PT,2021-01-13 23:28:48,32.6667,-17.1,54.0,53,66,8.01
186,Tual,ID,2021-01-13 23:28:49,-5.6667,132.75,84.61,74,100,11.41
187,Grand Gaube,MU,2021-01-13 23:28:49,-20.0064,57.6608,77.0,81,3,1.01
188,Talnakh,RU,2021-01-13 23:28:49,69.4865,88.3972,-25.91,78,3,11.3
189,Yakima,US,2021-01-13 23:28:49,46.4665,-120.6678,48.99,40,1,20.71
190,Chara,RU,2021-01-13 23:28:50,56.9064,118.2631,-30.05,68,61,0.89
191,Hithadhoo,MV,2021-01-13 23:28:50,-0.6,73.0833,82.02,73,97,21.43
192,Tongliao,CN,2021-01-13 23:28:50,43.6125,122.2653,-9.38,80,19,2.75
193,Dikson,RU,2021-01-13 23:28:50,73.5069,80.5464,-28.25,85,0,6.71
194,Nizip,TR,2021-01-13 23:28:50,37.0097,37.7942,48.2,93,90,13.58
195,Vanimo,PG,2021-01-13 23:28:50,-2.6741,141.3028,83.55,68,98,3.67
196,Aksarka,RU,2021-01-13 23:28:51,66.5606,67.7975,-1.77,85,93,13.15
197,Qianan,CN,2021-01-13 23:28:51,44.9932,124.0581,-10.62,82,0,4.76
198,Hwange,ZW,2021-01-13 23:28:51,-18.3693,26.5019,70.48,94,91,2.53
199,Aykhal,RU,2021-01-13 23:28:51,66.0,111.5,-28.64,82,100,9.91
200,Kindu,CD,2021-01-13 23:28:51,-2.95,25.95,71.51,90,100,1.48
201,Namibe,AO,2021-01-13 23:28:52,-15.1961,12.1522,72.27,70,90,3.89
202,Salem,IN,2021-01-13 23:28:52,11.65,78.1667,68.83,90,21,4.47
203,Hede,CN,2021-01-13 23:28:52,33.7681,120.2517,36.97,79,0,3.71
204,Faanui,PF,2021-01-13 23:28:52,-16.4833,-151.75,81.77,75,77,15.08
205,Bomet,KE,2021-01-13 23:28:53,-0.7813,35.3416,53.65,92,40,2.68
206,Ilebo,CD,2021-01-13 23:28:53,-4.3167,20.5833,71.65,92,100,1.23
207,Takoradi,GH,2021-01-13 23:28:53,4.8845,-1.7554,79.18,86,23,9.6
208,Rocha,UY,2021-01-13 23:28:53,-34.4833,-54.3333,61.7,56,0,7.43
209,Geraldton,AU,2021-01-13 23:28:53,-28.7667,114.6,77.0,36,0,17.27
210,Kloulklubed,PW,2021-01-13 23:28:53,7.0419,134.2556,80.6,89,90,4.61
211,Olmos,PE,2021-01-13 23:28:53,-5.9847,-79.7453,75.99,66,73,5.99
212,Imbituba,BR,2021-01-13 23:28:53,-28.24,-48.6703,75.2,78,75,11.5
213,Ramgarh,IN,2021-01-13 23:28:54,23.6333,85.5167,50.0,87,0,3.51
214,Haines Junction,CA,2021-01-13 23:28:54,60.7522,-137.5108,8.6,92,100,2.3
215,Murray Bridge,AU,2021-01-13 23:28:54,-35.1167,139.2667,64.99,62,24,12.24
216,Druzhba,UA,2021-01-13 23:27:48,52.0428,33.9453,19.29,97,100,10.6
217,Sosua,DO,2021-01-13 23:28:54,19.7667,-70.5167,75.2,94,20,6.91
218,Apple Valley,US,2021-01-13 23:25:58,34.5008,-117.1859,66.0,17,41,1.01
219,Cabo San Lucas,MX,2021-01-13 23:28:54,22.8909,-109.9124,73.99,40,40,8.05
220,Sadovyy,RU,2021-01-13 23:28:55,53.3,34.3333,14.72,96,100,11.97
221,Gravdal,NO,2021-01-13 23:28:55,68.1214,13.5031,30.2,80,75,2.3
222,Qaanaaq,GL,2021-01-13 23:28:55,77.484,-69.3632,-2.42,83,0,5.61
223,Asyut,EG,2021-01-13 23:28:55,27.181,31.1837,53.6,66,0,11.5
224,Rafai,CF,2021-01-13 23:28:55,4.95,23.9167,70.88,33,80,2.15
225,Saint-Michel-Des-Saints,CA,2021-01-13 23:28:55,46.6834,-73.9159,30.99,97,100,5.55
226,Lompoc,US,2021-01-13 23:28:16,34.6391,-120.4579,69.01,67,1,12.66
227,Castro,BR,2021-01-13 23:28:56,-24.7911,-50.0119,66.27,93,90,10.92
228,Beian,NO,2021-01-13 23:28:56,63.6559,9.5683,19.4,79,20,10.36
229,Esmeraldas,BR,2021-01-13 23:26:01,-19.7625,-44.3139,77.0,69,40,11.5
230,Bethel,US,2021-01-13 23:28:56,41.3712,-73.414,35.6,60,90,3.44
231,Ormara,PK,2021-01-13 23:28:56,25.2088,64.6357,67.87,40,93,2.8
232,Ughelli,NG,2021-01-13 23:28:57,5.4899,6.0074,76.69,88,3,3.38
233,Veraval,IN,2021-01-13 23:28:57,20.9,70.3667,69.62,38,22,7.92
234,Hamilton,US,2021-01-13 23:28:57,39.1834,-84.5333,43.0,60,1,8.05
235,Gbarnga,LR,2021-01-13 23:28:57,6.9956,-9.4722,71.46,98,82,2.35
236,Valleyview,CA,2021-01-13 23:28:58,55.0667,-117.2859,33.8,47,62,14.97
237,Pisco,PE,2021-01-13 23:28:58,-13.7,-76.2167,70.0,83,0,23.02
238,Palimbang,PH,2021-01-13 23:28:58,6.2106,124.1894,81.19,73,80,2.17
239,Sangar,RU,2021-01-13 23:28:58,63.9242,127.4739,-43.24,79,87,4.97
240,Mugur-Aksy,RU,2021-01-13 23:28:58,50.35,90.5,-6.14,82,100,6.04
241,Wanning,CN,2021-01-13 23:28:58,18.8003,110.3967,56.97,77,69,7.0
242,Bafia,CM,2021-01-13 23:28:59,4.75,11.2333,70.81,90,0,1.48
243,Sao Filipe,CV,2021-01-13 23:28:59,14.8961,-24.4956,71.78,73,52,13.51
244,Tambura,SS,2021-01-13 23:28:59,5.6,27.4667,70.63,31,85,0.6
245,Yatou,CN,2021-01-13 23:28:59,37.15,122.3833,33.42,87,0,10.6
246,Chardara,KZ,2021-01-13 23:28:59,41.2547,67.9692,35.78,84,0,5.41
247,Petropavl,KZ,2021-01-13 23:28:59,54.8753,69.1628,-21.87,83,0,5.17
248,Deputatskiy,RU,2021-01-13 23:29:00,69.3,139.9,-36.6,80,68,0.81
249,Saint George,US,2021-01-13 23:25:53,37.1041,-113.5841,57.0,19,1,3.44
250,Gold Coast,AU,2021-01-13 23:29:00,-28.0,153.4333,82.99,61,40,5.75
251,Lubang,PH,2021-01-13 23:29:00,13.8584,120.124,78.93,81,32,17.16
252,Klyuchi,RU,2021-01-13 23:29:01,52.2667,79.1667,-24.02,86,49,6.71
253,Bronnoysund,NO,2021-01-13 23:29:01,65.4625,12.1997,21.2,73,0,4.61
254,Evensk,RU,2021-01-13 23:29:01,61.95,159.2333,-17.16,73,97,4.94
255,Sechura,PE,2021-01-13 23:29:01,-5.5569,-80.8222,77.18,65,52,18.79
256,Ottawa,CA,2021-01-13 23:26:40,45.4112,-75.6981,33.01,93,90,10.36
257,Srednekolymsk,RU,2021-01-13 23:29:02,67.45,153.6833,-22.88,86,100,6.04
258,Inirida,CO,2021-01-13 23:29:02,3.8653,-67.9239,75.83,93,91,4.0
259,Lorengau,PG,2021-01-13 23:29:02,-2.0226,147.2712,84.85,70,100,9.6
260,Yulara,AU,2021-01-13 23:29:03,-25.2406,130.9889,93.2,18,0,19.57
261,Faya,SA,2021-01-13 23:29:03,18.3851,42.4509,48.2,71,0,0.18
262,Belaya Gora,RU,2021-01-13 23:29:03,68.5333,146.4167,-38.13,81,98,2.91
263,Corpus Christi,US,2021-01-13 23:27:10,27.8006,-97.3964,55.4,67,75,6.91
264,Dingle,PH,2021-01-13 23:29:03,10.9995,122.6711,75.85,89,100,8.43
265,Meulaboh,ID,2021-01-13 23:29:03,4.1363,96.1285,76.5,80,99,3.47
266,Kota Kinabalu,MY,2021-01-13 23:29:04,5.9749,116.0724,77.0,94,20,5.75
267,Sonson,CO,2021-01-13 23:25:13,5.7106,-75.3107,68.0,64,40,6.91
268,Manaus,BR,2021-01-13 23:27:29,-3.1019,-60.025,78.8,89,40,2.3
269,Bardiyah,LY,2021-01-13 23:29:04,31.7561,25.0865,56.26,64,0,21.63
270,Florianopolis,BR,2021-01-13 23:29:04,-27.6146,-48.5012,75.99,78,75,11.5
271,Airai,TL,2021-01-13 23:29:05,-8.9266,125.4092,66.04,98,98,1.25
272,San Juan,AR,2021-01-13 23:26:23,-31.5375,-68.5364,84.02,40,1,18.43
273,Ilfracombe,GB,2021-01-13 23:29:05,51.2093,-4.1134,53.01,100,100,7.0
274,Jalu,LY,2021-01-13 23:29:05,29.0331,21.5482,53.78,60,57,14.67
275,Cilegon,ID,2021-01-13 23:29:05,-6.0174,106.0538,78.8,83,75,4.61
276,Saskylakh,RU,2021-01-13 23:29:05,71.9167,114.0833,-44.05,77,96,10.76
277,Machala,EC,2021-01-13 23:26:20,-3.2667,-79.9667,80.6,78,90,5.75
278,Severo-Kurilsk,RU,2021-01-13 23:29:06,50.6789,156.125,19.24,84,41,7.78
279,Azare,NG,2021-01-13 23:29:06,11.6765,10.1948,65.77,23,0,7.99
280,Itarema,BR,2021-01-13 23:29:06,-2.9248,-39.9167,79.0,79,99,13.13
281,Arcata,US,2021-01-13 23:26:25,40.8665,-124.0828,59.0,94,90,3.44
282,Olinda,BR,2021-01-13 23:24:53,-8.0089,-34.8553,78.8,69,40,8.05
283,Camacha,PT,2021-01-13 23:29:07,33.0833,-16.3333,55.4,67,20,5.75
284,Hargeysa,SO,2021-01-13 23:29:07,9.56,44.065,57.06,61,0,11.65
285,Saint-Augustin,CA,2021-01-13 23:29:07,51.226,-58.6502,20.41,92,26,3.06
286,Prachuap Khiri Khan,TH,2021-01-13 23:29:08,12.2167,99.75,62.6,67,0,2.3
287,Makaha,US,2021-01-13 23:29:08,21.4694,-158.2175,82.4,69,40,12.66
288,Mount Isa,AU,2021-01-13 23:29:08,-20.7333,139.5,89.6,37,25,11.5
289,Carnarvon,AU,2021-01-13 23:29:09,-24.8667,113.6333,77.0,94,49,12.66
290,Saint Anthony,US,2021-01-13 23:29:09,45.0205,-93.218,42.8,70,75,3.44
291,Narsaq,GL,2021-01-13 23:29:09,60.9167,-46.05,30.2,80,90,4.61
292,Charters Towers,AU,2021-01-13 23:29:09,-20.1,146.2667,79.29,71,95,10.38
293,Port Blair,IN,2021-01-13 23:29:09,11.6667,92.75,77.13,76,6,9.84
294,Hami,CN,2021-01-13 23:29:09,42.8,93.45,16.32,85,42,6.73
295,Fengkou,CN,2021-01-13 23:29:10,30.0833,113.2667,45.3,58,14,5.99
296,Richards Bay,ZA,2021-01-13 23:29:10,-28.783,32.0377,74.12,88,98,2.55
297,Pacific Grove,US,2021-01-13 23:29:11,36.6177,-121.9166,70.0,55,1,9.73
298,Umm Lajj,SA,2021-01-13 23:29:11,25.0213,37.2685,72.99,37,2,3.42
299,Honningsvag,NO,2021-01-13 23:29:11,70.9821,25.9704,23.0,80,40,18.41
300,Lodwar,KE,2021-01-13 23:29:11,3.1191,35.5973,80.74,36,4,5.86
301,Lahaina,US,2021-01-13 23:29:11,20.8783,-156.6825,84.2,51,20,10.36
302,Coquimbo,CL,2021-01-13 23:24:13,-29.9533,-71.3436,60.8,77,0,10.36
303,Huarmey,PE,2021-01-13 23:29:12,-10.0681,-78.1522,71.96,80,84,9.44
304,Dhidhdhoo,MV,2021-01-13 23:29:12,6.8833,73.1,79.47,83,98,11.88
305,Oxelosund,SE,2021-01-13 23:29:12,58.6706,17.1015,32.0,100,75,13.8
306,Skibbereen,IE,2021-01-13 23:29:12,51.55,-9.2667,50.0,100,75,11.5
307,Tromso,NO,2021-01-13 23:29:12,69.6496,18.957,24.8,68,75,17.27
308,Vadso,NO,2021-01-13 23:29:12,70.0744,29.7487,6.8,78,75,13.8
309,Trzebiatow,PL,2021-01-13 23:29:12,54.0615,15.2648,32.0,10,100,6.6
310,Balykshi,KZ,2021-01-13 23:29:13,47.0667,51.8667,24.8,68,0,26.84
311,Nome,US,2021-01-13 23:29:13,64.5011,-165.4064,17.6,93,90,6.91
312,Bubaque,GW,2021-01-13 23:29:13,11.2833,-15.8333,78.01,70,0,10.71
313,Nacala,MZ,2021-01-13 23:29:13,-14.5428,40.6728,79.66,85,27,9.53
314,Mareeba,AU,2021-01-13 23:29:13,-17.0,145.4333,81.0,94,90,11.5
315,Merrill,US,2021-01-13 23:29:14,45.1805,-89.6835,33.8,93,1,1.21
316,Hualmay,PE,2021-01-13 23:29:14,-11.0964,-77.6139,71.83,81,100,9.28
317,Clinton,US,2021-01-13 23:27:15,42.587,-82.9199,42.8,70,90,8.05
318,Adrar,MR,2021-01-13 23:29:14,20.5022,-10.0711,62.85,26,9,13.98
319,Verkhnyaya Inta,RU,2021-01-13 23:29:15,65.9811,60.3094,-12.37,89,61,13.8
320,San Quintin,MX,2021-01-13 23:29:15,30.4833,-115.95,66.72,29,0,6.73
321,Vila Franca Do Campo,PT,2021-01-13 23:29:15,37.7167,-25.4333,62.01,100,75,8.05
322,Katherine,AU,2021-01-13 23:29:15,-14.4667,132.2667,84.2,70,59,2.89
323,Paita,PE,2021-01-13 23:29:15,-5.0892,-81.1144,77.0,65,0,18.41
324,Vardo,NO,2021-01-13 23:29:15,70.3705,31.1107,6.8,78,75,13.8
325,Touros,BR,2021-01-13 23:29:15,-5.1989,-35.4608,80.6,78,40,11.5
326,Povoa De Varzim,PT,2021-01-13 23:29:16,41.3834,-8.7636,42.01,100,0,4.99
327,Oshawa,CA,2021-01-13 23:25:51,43.9001,-78.8496,37.0,87,90,8.05
328,Kungurtug,RU,2021-01-13 23:29:16,50.5994,97.5228,-4.11,87,96,2.51
329,Ponta Delgada,PT,2021-01-13 23:29:16,37.7333,-25.6667,62.01,100,75,8.05
330,Khani,GE,2021-01-13 23:29:16,41.9563,42.9566,53.6,87,20,9.22
331,Pilar,BR,2021-01-13 23:29:16,-9.5972,-35.9567,75.2,88,0,5.75
332,Talara,PE,2021-01-13 23:29:16,-4.5772,-81.2719,77.0,65,0,18.41
333,Ilulissat,GL,2021-01-13 23:29:17,69.2167,-51.1,24.8,80,75,12.66
334,Aklavik,CA,2021-01-13 23:29:17,68.2191,-135.0107,-14.8,76,100,1.14
335,Las Cruces,US,2021-01-13 23:26:05,32.3123,-106.7783,59.0,18,0,1.01
336,Pritzwalk,DE,2021-01-13 23:29:17,53.1494,12.1741,34.0,99,85,19.39
337,Andilamena,MG,2021-01-13 23:29:17,-17.0167,48.5833,67.71,94,60,1.95
338,Hambantota,LK,2021-01-13 23:29:17,6.1241,81.1185,75.7,86,99,8.25
339,Sorland,NO,2021-01-13 23:29:17,67.667,12.6934,30.2,80,75,2.3
340,Waipawa,NZ,2021-01-13 23:29:18,-41.4122,175.5153,73.4,60,1,14.97
341,Rairangpur,IN,2021-01-13 23:29:18,22.2676,86.1751,53.37,71,0,1.25
342,Oudtshoorn,ZA,2021-01-13 23:29:18,-33.5907,22.2014,64.4,94,75,2.3
343,Progreso,MX,2021-01-13 23:29:18,21.2833,-89.6667,70.0,94,90,4.61
344,Oranjemund,NA,2021-01-13 23:29:18,-28.55,16.4333,68.23,78,76,5.32
345,Nianzishan,CN,2021-01-13 23:29:18,47.5167,122.8833,-8.63,81,0,6.2
346,Nyzhni Sirohozy,UA,2021-01-13 23:29:19,46.8484,34.3804,25.32,96,0,6.2
347,Boa Vista,BR,2021-01-13 23:25:09,2.8197,-60.6733,82.4,65,75,8.05
348,Ransang,PH,2021-01-13 23:29:19,8.9603,117.5828,78.22,82,71,8.46
349,Zhezkazgan,KZ,2021-01-13 23:29:19,47.8043,67.7144,-12.23,90,63,8.9
350,Ohara,JP,2021-01-13 23:29:20,35.25,140.3833,42.8,86,20,1.14
351,Halifax,CA,2021-01-13 23:26:46,44.6453,-63.5724,30.99,74,75,5.75
352,Norsup,VU,2021-01-13 23:29:20,-16.0667,167.3833,84.52,76,95,10.47
353,Bathsheba,BB,2021-01-13 23:29:20,13.2167,-59.5167,78.8,69,20,16.11
354,Anito,PH,2021-01-13 23:29:20,12.4497,125.2886,78.24,89,83,6.42
355,Nurota,UZ,2021-01-13 23:29:20,40.5614,65.6886,37.4,60,0,11.5
356,Ixtapa,MX,2021-01-13 23:29:21,20.7,-105.2,69.8,78,90,5.75
357,Raahe,FI,2021-01-13 23:29:21,64.6833,24.4833,-9.4,77,0,4.61
358,Teguldet,RU,2021-01-13 23:29:21,57.3064,88.1667,-13.86,88,100,9.51
359,Ellensburg,US,2021-01-13 23:29:22,46.9965,-120.5479,42.8,61,1,21.85
360,Mahajanga,MG,2021-01-13 23:29:22,-15.7167,46.3167,80.6,83,20,4.61
361,Padang,ID,2021-01-13 23:29:22,-0.9492,100.3543,77.49,72,85,5.46
362,Bilma,NE,2021-01-13 23:29:22,18.6853,12.9164,66.7,35,63,15.52
363,Ulladulla,AU,2021-01-13 23:29:22,-35.35,150.4667,86.0,51,0,8.05
364,Port Elizabeth,ZA,2021-01-13 23:29:23,-33.918,25.5701,69.8,88,90,9.22
365,Karasjok,NO,2021-01-13 23:27:06,69.4719,25.5112,3.2,66,0,17.27
366,Erdemli,TR,2021-01-13 23:29:23,36.605,34.3084,55.9,53,0,9.19
367,Phuket,TH,2021-01-13 23:29:23,8.0,98.25,81.0,78,20,8.05
368,Ahuimanu,US,2021-01-13 23:29:23,21.4447,-157.8378,82.4,54,75,10.36
369,Saint-Pierre,RE,2021-01-13 23:29:24,-21.3393,55.4781,80.6,83,90,6.91
370,Arrifes,PT,2021-01-13 23:25:01,37.7667,-25.7,62.01,100,75,8.05
371,Ghanzi,BW,2021-01-13 23:29:24,-21.5667,21.7833,73.31,72,20,4.94
372,Velka Bites,CZ,2021-01-13 23:29:25,49.2884,16.2274,30.99,69,0,12.66
373,Marabba,SD,2021-01-13 23:29:25,12.35,32.1833,72.88,21,0,11.18
374,Taksimo,RU,2021-01-13 23:25:18,56.3444,114.8794,-29.61,72,45,1.03
375,Monrovia,LR,2021-01-13 23:29:25,6.3005,-10.7969,77.0,100,75,7.74
376,Saint-Joseph,RE,2021-01-13 23:29:26,-21.3667,55.6167,80.6,83,90,6.91
377,Natal,BR,2021-01-13 23:24:37,-5.795,-35.2094,80.6,78,40,6.91
378,Sibolga,ID,2021-01-13 23:29:26,1.7427,98.7792,75.78,67,99,4.18
379,Tarakan,ID,2021-01-13 23:25:05,3.3,117.6333,77.0,94,75,2.3
380,Husavik,IS,2021-01-13 23:29:27,66.0449,-17.3389,41.0,65,90,18.41
381,Sao Joao Da Barra,BR,2021-01-13 23:29:27,-21.6403,-41.0511,76.78,86,0,15.68
382,Eenhana,NA,2021-01-13 23:29:27,-17.4667,16.3333,82.4,32,100,8.05
383,Magadi,IN,2021-01-13 23:29:27,12.9667,77.2333,60.8,100,20,2.3
384,Buin,CL,2021-01-13 23:29:28,-33.7333,-70.75,82.0,27,0,8.05
385,Anadyr,RU,2021-01-13 23:29:28,64.75,177.4833,-7.6,77,90,6.71
386,Worland,US,2021-01-13 23:29:28,44.0169,-107.9554,44.01,75,90,25.32
387,Turayf,SA,2021-01-13 23:29:28,31.6725,38.6637,50.0,62,0,6.91
388,Alta Floresta,BR,2021-01-13 23:29:28,-9.8756,-56.0861,80.6,89,75,1.14
389,Agadir,MA,2021-01-13 23:29:28,30.4202,-9.5982,50.0,93,0,3.44
390,Newport,GB,2021-01-13 23:29:06,51.5877,-2.9984,51.01,91,100,5.99
391,Temnikov,RU,2021-01-13 23:29:29,54.6302,43.2148,8.44,95,100,17.67
392,Los Llanos De Aridane,ES,2021-01-13 23:29:29,28.6585,-17.9182,64.4,59,75,10.36
393,Quipapa,BR,2021-01-13 23:29:29,-8.8278,-36.0117,70.93,85,79,7.07
394,Borovoy,RU,2021-01-13 23:29:29,55.4333,86.0833,-13.0,77,90,4.47
395,Pangnirtung,CA,2021-01-13 23:29:29,66.1451,-65.7125,-14.8,84,1,1.99
396,Chuchkovo,RU,2021-01-13 23:29:30,54.2693,41.4465,13.78,96,100,21.52
397,Necochea,AR,2021-01-13 23:29:30,-38.5473,-58.7368,63.0,66,0,17.22
398,Roald,NO,2021-01-13 23:29:30,62.5833,6.1333,26.6,63,0,6.91
399,Puri,IN,2021-01-13 23:29:30,19.8,85.85,69.8,94,40,2.95
400,Danilov,RU,2021-01-13 23:29:31,58.1908,40.1717,-13.02,89,100,9.17
401,Bundaberg,AU,2021-01-13 23:29:31,-24.85,152.35,80.6,61,40,13.8
402,Mehamn,NO,2021-01-13 23:29:31,71.0357,27.8492,23.0,80,40,18.41
403,Mount Vernon,US,2021-01-13 23:29:31,40.9126,-73.8371,41.0,56,40,9.22
404,Omaruru,NA,2021-01-13 23:29:32,-21.4333,15.9333,68.59,86,100,8.37
405,Lokosovo,RU,2021-01-13 23:29:32,61.1333,74.8167,-12.32,88,17,11.86
406,Eureka,US,2021-01-13 23:25:29,40.8021,-124.1637,59.0,94,80,4.0
407,Maamba,ZM,2021-01-13 23:29:32,-17.3667,27.15,69.89,86,67,2.64
408,Kifri,IQ,2021-01-13 23:29:32,34.6959,44.9661,55.94,45,100,8.68
409,Hasaki,JP,2021-01-13 23:29:32,35.7333,140.8333,33.8,86,20,1.14
410,Amarillo,US,2021-01-13 23:25:00,35.222,-101.8313,62.6,23,1,8.05
411,Flin Flon,CA,2021-01-13 23:29:33,54.7682,-101.865,28.4,74,90,5.75
412,Qinzhou,CN,2021-01-13 23:29:33,21.95,108.6167,56.1,42,84,3.65
413,Manta,EC,2021-01-13 23:24:52,-0.95,-80.7333,82.4,74,75,11.5
414,Kilindoni,TZ,2021-01-13 23:29:33,-7.9139,39.6668,80.28,79,6,13.09
415,Mount Gambier,AU,2021-01-13 23:29:33,-37.8333,140.7667,64.4,68,40,9.22
416,Andenes,NO,2021-01-13 23:29:34,69.3143,16.1194,32.0,80,90,11.5
417,Hofn,IS,2021-01-13 23:29:34,64.2539,-15.2082,39.38,91,100,16.13
418,La Ronge,CA,2021-01-13 23:29:34,55.1001,-105.2842,24.8,93,100,10.36
419,Bonanza,NI,2021-01-13 23:29:34,14.0289,-84.591,76.28,69,36,2.71
420,Viedma,AR,2021-01-13 23:29:35,-40.8135,-62.9967,71.01,52,66,23.94
421,Ambovombe,MG,2021-01-13 23:29:35,-25.1667,46.0833,75.45,94,4,8.77
422,Klaksvik,FO,2021-01-13 23:29:35,62.2266,-6.589,39.2,87,75,19.57
423,Serik,TR,2021-01-13 23:29:35,36.9169,31.0989,57.0,62,40,11.5
424,Kupang,ID,2021-01-13 23:29:35,-10.1667,123.5833,80.6,94,20,2.3
425,Ust-Nera,RU,2021-01-13 23:29:36,64.5667,143.2,-28.68,75,96,3.58
426,Norman Wells,CA,2021-01-13 23:29:36,65.282,-126.8329,3.2,92,90,16.11
427,Lasa,IT,2021-01-13 23:29:36,46.6166,10.7002,37.0,93,90,3.44
428,Tateyama,JP,2021-01-13 23:29:36,34.9833,139.8667,46.4,76,20,1.14
429,San Joaquin,US,2021-01-13 23:29:36,37.9333,-121.3011,68.0,60,1,5.75
430,Nantucket,US,2021-01-13 23:29:37,41.2835,-70.0995,35.6,69,90,3.44
431,Yashkul,RU,2021-01-13 23:29:37,46.1711,45.3435,38.89,81,100,15.97
432,Bandarbeyla,SO,2021-01-13 23:29:37,9.4942,50.8122,72.64,78,28,22.12
433,Kadaya,RU,2021-01-13 23:29:38,50.9327,119.2911,-29.65,84,5,1.1
434,Mansa,IN,2021-01-13 23:29:38,29.9833,75.3833,46.54,47,5,3.98
435,Kalianget,ID,2021-01-13 23:29:38,-7.05,113.9333,79.72,81,100,4.56
436,Tuatapere,NZ,2021-01-13 23:29:38,-46.1333,167.6833,68.4,60,14,6.69
437,Solnechnyy,RU,2021-01-13 23:29:39,50.7214,136.6319,-7.82,86,100,6.8
438,Marawi,PH,2021-01-13 23:29:39,7.9986,124.2928,75.0,96,98,4.0
439,Bilibino,RU,2021-01-13 23:29:39,68.0546,166.4372,-21.87,81,99,7.05
440,Namatanai,PG,2021-01-13 23:29:39,-3.6667,152.4333,84.09,70,94,11.39
441,Markova,UA,2021-01-13 23:29:39,48.6758,24.4138,26.92,88,86,5.44
442,Soderhamn,SE,2021-01-13 23:29:40,61.3037,17.0592,21.99,92,100,3.0
443,Zuwarah,LY,2021-01-13 23:29:40,32.9312,12.082,54.97,56,3,15.28
444,Seddon,AU,2021-01-13 23:29:40,-37.8068,144.8916,66.99,59,90,14.97
445,Shorapur,IN,2021-01-13 23:29:40,16.5167,76.75,66.94,80,70,4.32
446,Maraa,BR,2021-01-13 23:29:40,-1.8333,-65.3667,76.59,95,93,1.48
447,Zheleznodorozhnyy,RU,2021-01-13 23:26:12,55.7503,38.0042,10.4,85,90,15.66
448,Quelimane,MZ,2021-01-13 23:29:41,-17.8786,36.8883,77.0,78,20,2.3
449,Tarko-Sale,RU,2021-01-13 23:29:41,64.9225,77.785,7.66,94,100,21.07
450,Mutare,ZW,2021-01-13 23:29:41,-18.9707,32.6709,65.91,97,100,5.37
451,Porto Novo,BJ,2021-01-13 23:27:43,6.4965,2.6036,82.4,83,40,13.8
452,Darhan,MN,2021-01-13 23:29:42,49.4867,105.9228,-11.47,87,80,3.11
453,Dubbo,AU,2021-01-13 23:29:08,-32.25,148.6167,86.0,32,37,13.8
454,Kasangulu,CD,2021-01-13 23:29:43,-4.5911,15.1708,78.8,73,20,4.27
455,Adre,TD,2021-01-13 23:29:43,13.4667,22.2,64.87,26,0,12.08
456,Innisfail,AU,2021-01-13 23:29:44,-17.5333,146.0333,80.87,87,100,11.32
457,Skrunda,LV,2021-01-13 23:29:44,56.6833,22.0167,30.2,93,90,11.5
458,Pascagoula,US,2021-01-13 23:29:44,30.3658,-88.5561,48.2,61,1,5.75
459,Port Hardy,CA,2021-01-13 23:29:44,50.6996,-127.4199,46.4,76,75,4.61
460,Nuevo Progreso,MX,2021-01-13 23:29:45,23.1667,-97.95,63.0,48,99,1.99
461,Leningradskiy,RU,2021-01-13 23:29:45,69.3833,178.4167,-12.68,89,100,7.43
462,Kamennogorsk,RU,2021-01-13 23:29:46,60.9545,29.1339,7.0,86,100,8.99
463,Muroto,JP,2021-01-13 23:28:22,33.2833,134.15,35.6,93,20,9.22
464,Eldorado,BR,2021-01-13 23:29:47,-23.7869,-54.2836,79.3,81,95,4.97
465,Avera,US,2021-01-13 23:29:08,33.194,-82.5271,50.0,71,90,3.44
466,Placido De Castro,BR,2021-01-13 23:29:47,-10.3353,-67.1856,76.01,90,95,2.17
467,Carauari,BR,2021-01-13 23:29:47,-4.8828,-66.8958,77.02,93,82,1.14
468,La Tuque,CA,2021-01-13 23:29:13,47.4334,-72.7824,28.4,93,99,4.61
469,Khuldabad,IN,2021-01-13 23:29:48,20.05,75.1833,63.81,53,1,3.04
470,Kitahiroshima,JP,2021-01-13 23:29:48,42.9758,141.5672,33.8,75,75,5.75
471,Mallow,IE,2021-01-13 23:29:49,52.1333,-8.6333,51.01,100,75,11.5
472,Harper,LR,2021-01-13 23:29:49,4.375,-7.7169,78.1,85,100,6.15
473,San Marcos,US,2021-01-13 23:29:49,33.1434,-117.1661,73.99,48,1,5.21
474,Muisne,EC,2021-01-13 23:29:49,0.6,-80.0333,80.6,83,75,11.5
475,Pinawa,CA,2021-01-13 23:29:49,50.1489,-95.8811,30.51,96,61,7.58
476,Nortelandia,BR,2021-01-13 23:29:50,-14.4547,-56.8028,82.31,66,100,1.9
477,Silivri,TR,2021-01-13 23:29:50,41.0802,28.226,44.01,93,75,4.61
478,Kolyvan,RU,2021-01-13 23:29:50,55.3053,82.7391,-13.0,77,90,8.95
479,Kangaatsiaq,GL,2021-01-13 23:29:50,68.3065,-53.4641,24.39,98,100,16.28
480,Mehriz,IR,2021-01-13 23:29:50,31.5917,54.4318,32.0,29,0,2.3
481,Labuhan,ID,2021-01-13 23:29:50,-6.8844,112.2051,77.47,86,100,9.1
482,Camopi,GF,2021-01-13 23:29:51,3.1655,-52.3158,72.64,98,100,2.8
483,Sambava,MG,2021-01-13 23:29:51,-14.2667,50.1667,77.52,90,25,3.87
484,Naze,JP,2021-01-13 23:29:51,28.3667,129.4833,53.6,71,40,4.61
485,Dubti,ET,2021-01-13 23:29:51,11.7361,41.0853,66.63,54,2,5.26
486,Serenje,ZM,2021-01-13 23:29:51,-13.2325,30.2352,64.24,96,100,3.85
487,Krasnoselkup,RU,2021-01-13 23:29:51,65.7,82.4667,6.3,95,100,8.39
488,Porbandar,IN,2021-01-13 23:29:52,21.6422,69.6093,62.51,41,0,5.28
489,Texas City,US,2021-01-13 23:26:29,29.3838,-94.9027,54.0,50,1,11.5
490,Gorele,TR,2021-01-13 23:25:25,41.0308,39.0031,51.8,93,75,4.61
491,Saint-Francois,FR,2021-01-13 23:29:52,46.4154,3.9054,44.6,93,90,13.8
492,Henties Bay,NA,2021-01-13 23:29:52,-22.116,14.2845,70.0,84,99,3.06
493,Ternate,ID,2021-01-13 23:29:52,0.8,127.4,81.19,77,95,3.71
494,Quilmana,PE,2021-01-13 23:29:53,-12.95,-76.3833,71.87,76,92,4.94
495,Binzhou,CN,2021-01-13 23:29:53,37.3667,118.0167,29.32,86,0,6.87
496,Pec,XK,2021-01-13 23:29:53,42.6591,20.2883,28.4,69,0,2.3
497,Umm Kaddadah,SD,2021-01-13 23:29:53,13.6017,26.6876,66.67,25,0,12.97
498,Astorga,BR,2021-01-13 23:29:53,-23.2325,-51.6656,80.6,94,75,3.44
499,Itajuba,BR,2021-01-13 23:29:53,-22.4256,-45.4528,71.6,94,75,2.3
500,Ust-Kut,RU,2021-01-13 23:29:54,56.7938,105.7672,-13.99,85,100,5.12
501,Zalantun,CN,2021-01-13 23:25:11,48.0,122.7167,-10.84,81,0,4.41
502,Ust-Kishert,RU,2021-01-13 23:29:54,57.3654,57.2495,-13.2,88,22,4.68
503,Westfield,US,2021-01-13 23:29:54,42.1251,-72.7495,37.0,64,90,5.75
504,Kushmurun,KZ,2021-01-13 23:29:54,52.4503,64.6311,-17.9,85,0,3.53
505,Sidi Ali,DZ,2021-01-13 23:29:54,36.0998,0.4206,46.96,84,0,5.53
506,Pochutla,MX,2021-01-13 23:29:55,15.7432,-96.4661,84.0,57,20,6.91
507,Nemours,FR,2021-01-13 23:29:55,48.2751,2.6908,48.2,87,90,17.27
508,Port-Gentil,GA,2021-01-13 23:29:55,-0.7193,8.7815,77.0,94,20,2.3
509,Havre-Saint-Pierre,CA,2021-01-13 23:29:55,50.2334,-63.5986,17.6,86,75,4.61
510,Paso De Los Toros,UY,2021-01-13 23:29:55,-32.8167,-56.5167,77.22,34,0,15.12
511,Doha,QA,2021-01-13 23:29:56,25.2867,51.5333,60.8,72,0,2.3
512,Samarai,PG,2021-01-13 23:29:56,-10.6167,150.6667,84.18,76,100,8.84
513,Thaba-Tseka,LS,2021-01-13 23:29:56,-29.522,28.6084,54.0,86,81,1.25
514,Pangkalanbuun,ID,2021-01-13 23:29:57,-2.6833,111.6167,74.44,97,100,1.79
515,Njeru,UG,2021-01-13 23:29:57,0.4186,33.1731,68.72,78,100,2.26
516,Nanakuli,US,2021-01-13 23:29:57,21.3906,-158.1547,82.4,61,20,13.8
517,Kysyl-Syr,RU,2021-01-13 23:29:57,63.8986,122.7617,-35.82,82,99,7.31
518,Pacifica,US,2021-01-13 23:29:57,37.6138,-122.4869,66.2,68,75,3.44
519,Cap Malheureux,MU,2021-01-13 23:29:58,-19.9842,57.6142,77.0,81,3,1.01
520,Vimperk,CZ,2021-01-13 23:29:58,49.0586,13.7829,30.0,85,63,8.99
521,Vuktyl,RU,2021-01-13 23:29:58,63.8567,57.3094,-18.53,87,52,3.15
522,Luba,GQ,2021-01-13 23:29:58,3.4568,8.5547,78.8,89,20,6.91
523,Westport,US,2021-01-13 23:27:06,41.1415,-73.3579,37.99,75,90,5.84
524,Batemans Bay,AU,2021-01-13 23:29:58,-35.7167,150.1833,84.0,45,15,4.32
525,Gimli,CA,2021-01-13 23:29:58,50.6336,-96.9907,26.6,74,87,5.75
526,Mitsamiouli,KM,2021-01-13 23:29:59,-11.3847,43.2844,80.82,77,13,9.66
527,Chambas,CU,2021-01-13 23:29:59,22.1928,-78.9136,75.2,88,40,8.05
528,Davlekanovo,RU,2021-01-13 23:29:59,54.2215,55.0343,-5.01,84,75,6.71
529,Prokopyevsk,RU,2021-01-13 23:29:59,53.9059,86.719,-6.92,90,100,8.43
530,Batesville,US,2021-01-13 23:29:59,35.7698,-91.641,51.8,40,1,3.44
531,Loubomo,CG,2021-01-13 23:30:00,-4.1997,12.6739,70.97,94,75,7.4
532,Salinas,US,2021-01-13 23:30:00,36.6777,-121.6555,75.2,38,1,4.18
533,Kingaroy,AU,2021-01-13 23:30:00,-26.5333,151.8333,77.0,68,75,5.75
534,Carballo,ES,2021-01-13 23:30:01,43.213,-8.691,42.8,87,90,5.75
535,Seoul,KR,2021-01-13 23:29:25,37.5683,126.9778,21.2,86,0,2.3
536,Mandasa,IN,2021-01-13 23:30:03,18.8667,84.4667,67.55,83,49,3.4
537,Manokwari,ID,2021-01-13 23:30:04,-0.8667,134.0833,81.97,73,100,6.62
538,Chachapoyas,PE,2021-01-13 23:30:09,-6.2317,-77.869,57.47,88,100,1.92
539,Catuday,PH,2021-01-13 23:30:13,16.2923,119.8062,76.06,79,2,7.96
540,Louga,RU,2021-01-13 23:30:14,58.7372,29.8453,5.79,94,100,7.85
541,Bumba,CD,2021-01-13 23:30:15,2.1833,22.4667,72.5,48,85,1.7
542,Samana,DO,2021-01-13 23:30:15,19.2056,-69.3369,77.0,94,75,8.61
543,Chiang Kham,TH,2021-01-13 23:30:16,19.5233,100.3,51.8,100,0,2.3
544,Kandrian,PG,2021-01-13 23:30:17,-6.2167,149.55,87.55,66,98,5.88
545,San Policarpo,PH,2021-01-13 23:30:17,12.1791,125.5072,80.87,85,91,8.3
546,Bemidji,US,2021-01-13 23:30:18,47.4736,-94.8803,37.4,60,75,6.91
547,Hammerfest,NO,2021-01-13 23:28:29,70.6634,23.6821,28.4,74,40,10.36
548,Yerbogachen,RU,2021-01-13 23:30:19,61.2767,108.0108,-16.62,87,100,10.6
549,Elliot Lake,CA,2021-01-13 23:30:20,46.3834,-82.6331,32.0,80,90,4.61
550,Gawler,AU,2021-01-13 23:30:21,-34.6,138.7333,66.99,61,10,7.0
551,Kerrville,US,2021-01-13 23:30:21,30.0474,-99.1403,62.6,23,1,8.05
552,Ketchikan,US,2021-01-13 23:30:22,55.3422,-131.6461,39.2,93,75,10.36
553,San Ramon,US,2021-01-13 23:30:22,37.7799,-121.978,69.8,52,1,4.61
554,Buchanan,LR,2021-01-13 23:30:23,5.8808,-10.0467,77.0,100,75,5.53
555,Imeni Babushkina,RU,2021-01-13 23:30:24,59.7573,43.1285,-19.75,87,24,5.39
556,Bahia Blanca,AR,2021-01-13 23:30:24,-38.7196,-62.2724,78.58,28,25,20.2
557,Mersing,MY,2021-01-13 23:30:25,2.4312,103.8405,77.0,83,100,9.22
558,Banjar,ID,2021-01-13 23:30:25,-8.19,114.9675,80.6,89,40,2.3
559,Ashland,US,2021-01-13 23:27:32,40.8167,-82.2665,39.99,70,1,13.8
560,Domingos Martins,BR,2021-01-13 23:30:26,-20.3633,-40.6592,78.8,78,20,11.5
561,Tolbazy,RU,2021-01-13 23:30:27,54.0241,55.8825,-5.01,84,75,6.71
562,Puerto Del Rosario,ES,2021-01-13 23:30:27,28.5004,-13.8627,60.8,55,0,8.05
